trade_date,open,high,low,close,pre_close,change,pct_chg,vol,amount,MA5,MA10,MA20,MA60,RSI_14,MACD,MACD_signal,MACD_hist,BB_upper,BB_mid,BB_lower,KDJ_K,KDJ_D,KDJ_J,ATR_14,OBV,VOL_MA5,VOL_MA10,VOL_MA20
2025-07-04,66.06,67.08,65.17,66.4,66.06,0.34,0.5147,33291.51,220622.766,,,,,,0.0,0.0,0.0,,,,,,,,0.0,,,
2025-07-07,70.0,70.21,66.39,66.58,66.4,0.18,0.2711,81803.59,555223.143,,,,,100.0,0.014358974358970045,0.002871794871794009,0.011487179487176036,,,,,,,,81803.59,,,
2025-07-08,66.21,68.16,65.31,65.65,66.58,-0.93,-1.3968,84302.19,560718.119,,,,,15.234374999999574,-0.048742786178692654,-0.0074511213383033235,-0.04129166484038933,,,,,,,,-2498.600000000006,,,
2025-07-09,65.44,66.78,64.55,64.78,65.65,-0.87,-1.3252,52046.55,340202.257,,,,,8.217179902754964,-0.16702772350957673,-0.039366441772558006,-0.12766128173701874,,,,,,,,-54545.15000000001,,,
2025-07-10,64.68,65.39,64.07,65.07,64.78,0.29,0.4477,36788.74,238340.143,65.696,,,,21.24007731315342,-0.2346637544838046,-0.07842590431480734,-0.15623785016899727,,,,,,,,-17756.41000000001,57646.516,,
2025-07-11,64.9,64.95,63.88,63.9,65.07,-1.17,-1.7981,69966.1,449181.846,65.196,,,,13.139711884223885,-0.3783140493555379,-0.13840353332295346,-0.23991051603258445,,,,,,,,-87722.51000000001,64981.43400000001,,
2025-07-14,64.0,64.62,63.0,64.28,63.9,0.38,0.5947,51370.5,328913.396,64.73599999999999,,,,23.362560358135838,-0.4562359151455837,-0.20197000968747952,-0.2542659054581042,,,,,,,,-36352.01000000001,58894.816000000006,,
2025-07-15,64.65,66.88,64.42,66.59,64.28,2.31,3.5937,92601.78,612816.511,64.924,,,,56.7138522849414,-0.32781303603356093,-0.2271386149566958,-0.10067442107686514,,,,,,,,56249.76999999999,60554.73400000001,,
2025-07-16,66.33,67.12,65.51,66.0,66.59,-0.59,-0.886,54831.83,363668.626,65.16799999999999,,,,50.65090740509728,-0.27052658617617453,-0.23581620920059154,-0.03471037697558299,,,,41.60887656033291,41.60887656033291,41.60887656033292,,1417.9399999999878,61111.79,,
2025-07-17,65.88,66.47,64.8,65.46,66.0,-0.54,-0.8182,61482.04,402301.317,65.246,65.471,,,45.822542481110865,-0.2656380390095592,-0.24178057516238508,-0.023857463847174104,,,,39.112343966712906,40.77669902912625,35.78363384188623,,-60064.10000000001,66050.45000000001,61848.48300000001,
2025-07-18,65.5,65.88,64.66,64.69,65.46,-0.77,-1.1763,53132.17,345547.607,65.404,65.3,,,39.97136249931777,-0.3202052679928471,-0.2574655137284775,-0.06273975426436962,,,,36.99220863930731,39.51520223251994,31.946221452882043,,-113196.27000000002,62683.664000000004,63832.549,
2025-07-21,64.88,65.1,63.68,64.07,64.69,-0.62,-0.9584,52325.84,335998.303,65.362,65.049,,,35.98669666921046,-0.4087669970482324,-0.2877258103924285,-0.12104118665580388,,,,33.31843035500739,37.449611606682424,25.056067851657332,,-165522.11000000002,62874.731999999996,60884.774,
2025-07-22,64.06,64.91,63.77,64.25,64.07,0.18,0.2809,43586.47,280967.191,64.89399999999999,64.909,,,37.92155547678744,-0.45913567939021505,-0.32200778419198584,-0.1371278951982292,,,,32.32555551175249,35.741592908372446,25.493480718512572,,-121935.64000000001,53071.67,56813.202000000005,
2025-07-23,64.27,64.78,63.28,64.55,64.25,0.3,0.4669,46518.83,298315.287,64.604,64.886,,,41.11610065449608,-0.46943438288445805,-0.3514931039304803,-0.11794127895397777,,,,34.090823415601946,35.191336410782284,31.88979742524127,1.8642857142857123,-75416.81000000001,51409.06999999999,56260.43000000001,
2025-07-24,64.53,65.12,64.11,64.48,64.55,-0.07,-0.1084,44746.5,289134.414,64.408,64.827,,,40.591218550463005,-0.4777375336804397,-0.37674198988047214,-0.10099554379996756,,,,34.70132564276378,35.02799948810945,34.04797795207243,1.7999999999999987,-120163.31000000001,48061.962,57056.206000000006,
2025-07-25,64.49,65.05,63.67,64.96,64.48,0.48,0.7444,46712.57,300459.825,64.462,64.93299999999999,,,45.7092566431737,-0.4405079505869054,-0.3894951820217588,-0.05101276856514658,,,,37.71755042850911,35.92451646824267,41.30361834904198,1.6257142857142846,-73450.74000000002,46778.042,54730.853,
2025-07-28,65.48,66.19,64.83,65.21,64.96,0.25,0.3849,56323.57,368999.866,64.69,65.026,,,48.21172046498067,-0.3863764202362745,-0.388871429664662,0.0024950094283874846,,,,41.898505841228214,37.91584625923785,49.86382500520894,1.5192857142857135,-17127.17000000002,47577.588,55226.159999999996,
2025-07-29,65.22,65.5,64.23,64.53,65.21,-0.68,-1.0428,43972.8,284876.154,64.74600000000001,64.82,,,42.476567317520214,-0.39380754124091766,-0.3898586519799131,-0.003948889261004562,,,,40.99398822017096,38.94189357954889,45.09817750141511,1.4507142857142843,-61099.97000000002,47654.854,50363.262,
2025-07-30,64.62,65.4,63.91,64.03,64.53,-0.5,-0.7748,43690.9,281384.104,64.642,64.623,,,38.819845159096865,-0.43502784925036053,-0.3988924914340026,-0.036135357816357905,,,,35.92039077221021,37.934725977102666,31.891720362425303,1.4628571428571415,-104790.87000000002,47089.268000000004,49249.169,
2025-07-31,63.8,65.9,63.8,64.3,64.03,0.27,0.4217,62460.73,405297.863,64.606,64.50699999999999,64.989,,41.73670803659139,-0.44082691849706634,-0.4072793768466154,-0.03354754165045093,66.71140835062879,64.989,63.266591649371215,35.6307759787243,37.16674264430988,32.55884264755315,1.5278571428571428,-42330.14000000002,50632.114,49347.038,55597.7605
2025-08-01,64.35,64.77,62.31,64.7,64.3,0.4,0.6221,66495.96,421427.212,64.554,64.50800000000001,64.904,,45.85524303353673,-0.4084378483228761,-0.4075110711418676,-0.0009267771810085312,66.49607775530824,64.904,63.31192224469175,44.28649670059286,39.539993996404206,53.77950210897018,1.5878571428571422,24165.819999999985,54588.792,50683.417,57257.98300000001
2025-08-04,64.7,65.07,63.63,63.9,64.7,-0.8,-1.2365,44774.19,287239.907,64.292,64.491,64.77,,39.79620014230019,-0.44222489763569683,-0.41445383644063344,-0.027771061195063396,66.21220591273811,64.77,63.32779408726188,43.18412494816155,40.75470431365666,48.04296621717134,1.504999999999999,-20608.370000000017,52278.916000000005,49928.252,55406.513
2025-08-05,63.91,66.51,63.9,66.15,63.9,2.25,3.5211,87814.4,573799.522,64.616,64.681,64.79499999999999,,57.003857093387595,-0.2841694531071681,-0.3883969597739404,0.10422750666677227,66.31658504613823,64.79499999999999,63.27341495386174,59.265607108298184,46.925005245203835,83.94681083448688,1.5764285714285708,67206.02999999997,61047.23600000001,54351.045000000006,55582.1235
2025-08-06,65.87,66.88,64.96,66.87,66.15,0.72,1.0884,65167.08,429226.627,65.184,64.913,64.89949999999999,,60.85919340690417,-0.09966254411065734,-0.3306500766412838,0.23098753253062648,66.68153284274771,64.89949999999999,63.117467157252264,72.77079861195087,55.54026970078618,107.23185643428025,1.5942857142857139,132373.11,65342.471999999994,56215.87000000001,56238.15
2025-08-07,66.4,66.94,65.12,65.79,66.87,-1.08,-1.6151,49096.01,323740.643,65.482,65.044,64.9355,,53.15924960438088,-0.04012393969333061,-0.2725448492516932,0.2324209095583626,66.76060533221626,64.9355,63.11039466778375,73.56786142164621,61.549466941072865,97.6046503827929,1.6371428571428563,83277.09999999998,62669.528000000006,56650.82100000001,56853.5135
2025-08-08,65.77,65.78,64.28,64.43,65.79,-1.36,-2.0672,46098.83,298437.724,65.42800000000001,64.99100000000001,64.96199999999999,,45.37406540816324,-0.1015096605664354,-0.23833781151464167,0.13682815094820627,66.73854425041544,64.96199999999999,63.18545574958454,64.30801992544599,62.46898460253058,67.9860905712768,1.6435714285714285,37178.269999999975,58590.102,56589.447,55660.15
2025-08-11,64.32,66.88,64.3,65.73,64.43,1.3,2.0177,62320.49,411756.139,65.79400000000001,65.043,65.0345,,52.53045888676829,-0.04474337736938594,-0.19961892468559053,0.1548755473162046,66.81220372287278,65.0345,63.25679627712721,67.4940435212117,64.14400424209096,74.19412207945317,1.7464285714285717,99498.75999999998,62099.362,57189.139,56207.649500000014
2025-08-12,65.76,66.37,64.61,65.95,65.73,0.22,0.3347,61632.74,403105.245,65.754,65.185,65.0025,,53.6374064920323,0.017791384421684597,-0.15613686286413553,0.17392824728582013,66.6826738631839,65.0025,63.3223261368161,71.20193254185895,66.4966470086803,80.61250360821626,1.7650000000000006,161131.49999999997,56863.030000000006,58955.132999999994,54659.19750000001
2025-08-13,65.89,69.63,65.5,68.82,65.95,2.87,4.3518,121688.97,825376.026,66.144,65.664,65.14349999999999,,65.07812865562506,0.2955289740366567,-0.0658036954839771,0.3613326695206338,67.50948060231403,65.14349999999999,62.77751939768596,77.11276377107535,70.03535259614532,91.26758612093542,1.9878571428571428,282820.47,68167.408,66754.94,58002.054500000006
2025-08-14,68.82,69.85,66.9,67.26,68.82,-1.56,-2.2668,74308.85,503613.409,66.438,65.96000000000001,65.2335,,56.864181673537225,0.385317353660497,0.024420514344917717,0.3608968393155793,67.7802111918584,65.2335,62.686788808141614,70.86188538650472,70.31086352626512,71.96392910698393,2.099999999999999,208511.61999999997,73209.976,67939.75200000001,58643.395
2025-08-15,67.52,76.87,67.06,75.6,67.26,8.34,12.3996,152556.78,1095672.164,68.672,67.05,65.779,,75.01805311151901,1.1165724390790643,0.24285089929174705,0.8737215397873173,71.05106700700168,65.779,60.506932992998316,77.31064782641819,72.64412495964947,86.64369355995564,2.7035714285714283,361068.39999999997,94501.566,76545.834,63614.6255
2025-08-18,77.42,88.95,75.21,87.0,75.6,11.4,15.0794,208835.56,1697016.811,72.926,69.36,66.9255,,84.57446600246726,2.5861703272095156,0.7115147848753007,1.8746555423342148,77.71678005674757,66.9255,56.13421994325243,82.23898613370454,75.84241201766784,95.03213436577795,3.5942857142857148,569903.96,123804.57999999999,92951.97099999999,71440.1115
2025-08-19,85.06,85.06,78.8,79.65,87.0,-7.35,-8.4483,202846.52,1645596.569,75.666,70.71000000000001,67.6955,,66.82533998621287,3.1217678711611683,1.1935654021324744,1.9282024690286939,79.80067327426582,67.6955,55.590326725734165,75.59345461203868,75.75942621579146,75.26151140453314,4.073571428571428,367057.43999999994,152047.33599999998,104455.183,79403.114
2025-08-20,78.76,83.5,78.0,83.01,79.65,3.36,4.2185,163691.18,1331546.961,78.50399999999999,72.324,68.61850000000001,,69.93190368380465,3.773854062335147,1.7096231341730088,2.064230928162138,82.41127808740578,68.61850000000001,54.82572191259425,75.70302730114835,75.7406265775771,75.62782874829085,4.316428571428571,530748.6199999999,160447.778,114307.593,85261.7315
2025-08-21,82.41,83.02,78.27,79.4,83.01,-3.61,-4.3489,121799.54,973972.778,80.932,73.685,69.36449999999999,,63.095541517061164,3.95376370998045,2.1584512493344974,1.7953124606459525,83.81315096598438,69.36449999999999,54.91584903401561,70.88788703105631,74.12304672873684,64.41756763569524,4.4799999999999995,408949.0799999999,169945.916,121577.946,89114.3835
2025-08-22,79.01,82.2,78.9,80.95,79.4,1.55,1.9521,124902.48,1006097.797,82.00200000000001,75.337,70.164,,64.69155825765634,4.173308149474863,2.561422629362571,1.6118855201122924,85.3378478622717,70.164,54.9901521377283,69.63602219490306,72.62737188412558,63.65332281645803,4.612857142857144,533851.5599999999,164415.056,129458.31100000002,93023.879
2025-08-25,81.3,84.69,80.6,82.83,80.95,1.88,2.3224,141337.04,1164962.207,81.16799999999999,77.047,71.04499999999999,,66.5794744640379,4.447728343956527,2.938683772281362,1.5090445716751648,87.03202829434566,71.04499999999999,55.0579717056543,71.05798778878398,72.10424385234505,68.96547566166183,4.718571428571429,675188.6,150915.35199999998,137359.96600000001,97274.5525
2025-08-26,82.55,82.55,80.51,81.27,82.83,-1.56,-1.8834,66288.62,540321.084,81.492,78.57900000000001,71.88199999999999,,63.543309089527085,4.487599113491072,3.2484668405233044,1.2391322729677676,88.18261748911108,71.88199999999999,55.5813825108889,69.09534786825961,71.10127852431657,65.08348655614569,4.747142857142856,608899.98,123603.772,137825.55399999997,98390.34349999999
2025-08-27,80.03,82.82,78.68,79.18,81.27,-2.09,-2.5717,136397.69,1097529.461,80.726,79.615,72.6395,,59.62058583041747,4.300972518528226,3.4589679761242893,0.8420045424039371,88.81130063534893,72.6395,56.46769936465107,64.51948118885954,68.90734607916423,55.743751408250176,4.912857142857142,472502.29,118145.074,139296.42599999998,103025.683
2025-08-28,78.88,80.97,77.3,80.9,79.18,1.72,2.1723,108179.57,855480.261,81.026,80.979,73.46950000000001,,61.7152321601891,4.242949146195201,3.615764210138472,0.6271849360567292,89.54278280097127,73.46950000000001,57.396217199028754,56.816966110379944,64.8772194229028,40.69645948533423,5.067142857142856,580681.86,115421.08,142683.498,105311.625
2025-08-29,81.14,82.54,80.08,80.61,80.9,-0.29,-0.3585,95284.68,774045.494,80.958,81.47999999999999,74.265,,61.139360354318384,4.126002639140026,3.717811895938783,0.40819074320124304,90.08364788952045,74.265,58.44635211047955,52.09619046533921,60.616876437048276,35.05481852192108,5.058571428571428,485397.18,109497.51999999999,136956.288,106751.06100000002
2025-09-01,81.0,83.53,79.52,81.5,80.61,0.89,1.1041,97906.44,800030.692,80.69200000000001,80.92999999999999,75.14500000000001,,62.30195669186858,4.058355060801745,3.785920528911375,0.2724345318903696,90.4868224402928,75.14500000000001,59.803177559707215,53.6753132646691,58.30302204625522,44.41989570149684,5.219285714285713,583303.62,100811.4,125863.376,109407.67349999999
2025-09-02,80.75,81.97,76.9,77.26,81.5,-4.24,-5.2025,97833.2,770343.243,79.89000000000001,80.691,75.7005,,54.01170979822166,3.620872142607354,3.752910851650571,-0.13203870904321713,90.46465499212796,75.7005,60.936345007872056,37.323978633442216,51.310007575317556,9.351920749691544,5.286428571428571,485470.42,107120.31599999999,115362.044,109908.6135
2025-09-03,77.89,78.66,75.34,76.15,77.26,-1.11,-1.4367,70746.08,542233.206,79.28399999999999,80.00500000000001,76.1645,,52.05871525607513,3.148304361770073,3.6319895536744715,-0.4836851919043985,90.33136047751834,76.1645,61.997639522481656,27.770352957054182,43.463456035896435,-3.615853200630326,5.312857142857142,414724.33999999997,93989.994,106067.53400000001,110187.5635
2025-09-04,77.9,80.0,70.3,71.86,76.15,-4.29,-5.6336,104524.55,774730.906,77.476,79.251,76.46799999999999,,45.24883462483299,2.3999586148260903,3.3855833659047954,-0.9856247510787051,89.94219303315543,76.46799999999999,62.99380696684455,22.127189207876295,36.35136709322306,-6.32116656281724,5.305,310199.79,93258.99,104340.035,112958.9905
2025-09-05,71.85,73.97,70.83,73.56,71.86,1.7,2.3657,64738.23,470728.181,76.066,78.512,76.92450000000001,,48.14367171822838,1.9219104243164082,3.0928487775871183,-1.17093835327071,89.2512453765763,76.92450000000001,64.59775462342371,22.965115304620994,31.88928316368904,5.116779586484903,4.547857142857142,374938.01999999996,87149.70000000001,98323.61,113890.9605
2025-09-08,74.79,75.85,73.56,74.7,73.56,1.14,1.5498,56872.96,425193.493,74.70599999999999,77.699,77.373,,50.05088461918678,1.6164093015602106,2.797560882381737,-1.1811515808215263,88.58731998079138,77.373,66.15868001920863,26.39599271756795,30.058186348315346,19.071605456073158,4.125714285714284,431810.98,78943.004,89877.202,113618.58399999999
2025-09-09,74.87,75.13,72.45,73.18,74.7,-1.52,-2.0348,45372.65,333594.419,73.89000000000001,76.89,77.7345,,47.54025669400908,1.2373823899813061,2.485525183901651,-1.2481427939203447,87.8063188918125,77.7345,67.6626811081875,24.853564306043054,28.323312334224585,17.914068249679993,3.924285714285712,386438.32999999996,68450.894,87785.605,112805.57950000002
2025-09-10,73.2,74.65,72.9,73.42,73.18,0.24,0.328,36232.15,267379.532,73.34400000000001,76.31400000000001,77.96450000000002,,47.98392713462397,0.9454680588014668,2.1775137588816142,-1.2320457000801475,87.36702927898142,77.96450000000002,68.56197072101861,24.429965017331813,27.025529895260327,19.23883526147479,3.7099999999999977,422670.48,61548.10800000001,77769.051,108532.7385
2025-09-11,73.16,76.7,72.42,75.96,73.42,2.54,3.4595,68349.93,513261.936,74.16400000000002,75.82,78.39950000000002,,52.55705295812255,0.908606767320947,1.923732360569481,-1.015125593248534,86.42030314917979,78.39950000000002,70.37869685082025,30.54716236731165,28.199407385944102,35.24267233004675,3.779999999999998,491020.41,54313.18400000001,73786.08699999998,108234.79250000001
2025-09-12,76.34,78.17,75.89,75.99,75.96,0.03,0.0395,63291.53,486450.473,74.65,75.358,78.41900000000001,,52.61004785869013,0.8717655074165833,1.7133389899389015,-0.8415734825223182,86.41299748495527,78.41900000000001,70.42500251504475,36.617274197459395,31.005362989782533,47.84109661281312,3.6507142857142836,554311.94,54023.844,70586.772,103771.53
2025-09-15,78.01,78.9,75.16,75.16,75.99,-0.83,-1.0922,66422.35,508732.52,74.74199999999999,74.724,77.827,,50.91549955400706,0.7667557965807958,1.5240223512672806,-0.7572665546864847,84.83860271489881,77.827,70.81539728510118,41.112547059474636,34.37442434634657,54.588792485730764,3.7521428571428563,487889.58999999997,55933.721999999994,67438.36300000001,96650.8695
2025-09-16,75.0,76.19,74.5,75.8,75.16,0.64,0.8515,55693.27,419904.255,75.26599999999999,74.578,77.63449999999999,,52.19415295766648,0.726799404369487,1.364577761887722,-0.637778357518235,84.64676737112954,77.63449999999999,70.62223262887044,46.30870834892811,38.35251901387375,62.2210870190368,3.577142857142857,543582.86,57997.846,63224.369999999995,89293.207
2025-09-17,76.6,79.2,76.0,78.97,75.8,3.17,4.1821,79485.54,620416.841,76.376,74.85999999999999,77.43249999999999,,58.02655025534267,0.9400894172595571,1.279680092962089,-0.339590675702532,84.01218124327885,77.43249999999999,70.85281875672113,63.289835832778024,46.66495795350851,96.53959159131706,3.557857142857143,623068.4,66648.524,64098.316000000006,85082.925
2025-09-18,78.58,82.89,78.56,80.14,78.97,1.17,1.4816,112069.62,904104.309,77.21199999999999,75.688,77.46950000000001,,59.967823070265986,1.1898170408371413,1.2617074825370995,-0.07189044169995817,84.10386182628767,77.46950000000001,70.83513817371235,66.77138371023152,53.36709987241618,93.57995138586217,3.691428571428571,735138.02,75392.462,64852.823,84596.429
2025-09-19,80.28,80.85,76.76,77.46,79.98,-2.52,-3.1508,64478.06,508687.853,77.506,76.078,77.295,,53.82675739746007,1.158124244029409,1.2409908348355616,-0.08286659080615255,83.72432917839865,77.295,70.86567082160136,60.5601010790273,55.76476694128655,70.15076935450878,3.6971428571428553,670659.96,75629.76800000001,64826.806000000004,81575.208
2025-09-22,78.24,79.77,77.61,78.58,77.46,1.12,1.4459,54266.9,427641.653,78.19,76.466,77.08250000000001,,55.861058723341316,1.209440437481689,1.2346807553647872,-0.025240317883098218,83.00230040559673,77.08250000000001,71.16269959440329,59.98498938538145,57.171507755984855,65.61195264417465,3.499999999999999,724926.86,73198.678,64566.2,77221.701
2025-09-23,78.94,79.98,74.35,76.4,78.58,-2.18,-2.7742,81703.85,624578.926,78.30999999999999,76.788,76.83900000000001,,51.13831404256671,1.061959501440242,1.2001365045798782,-0.1381770031396361,82.42477102061432,76.83900000000001,71.25322897938571,52.6611167694966,55.668044093822104,46.647262120845596,3.665,643223.01,78400.794,68199.31999999999,77992.4625
2025-09-24,75.89,79.94,75.64,78.72,76.4,2.32,3.0366,64551.01,503815.699,78.26,77.318,76.816,,55.45454684518619,1.1193808820181488,1.1839853800675324,-0.06460449804938362,82.36485061592872,76.816,71.26714938407129,52.164397908782284,54.50016203214217,47.4928696620625,3.279285714285714,707774.02,75413.888,71031.20599999999,74400.1285
2025-09-25,78.53,79.5,77.68,78.2,78.72,-0.52,-0.6606,53940.2,422677.729,77.872,77.542,76.681,71.71316666666667,54.29680761165224,1.1101311843852528,1.1692145409310766,-0.05908335654582375,81.93503464015967,76.681,71.42696535984032,49.80358767689313,52.934637247059165,43.54148853656106,3.184999999999999,653833.8200000001,63788.004,69590.233,71688.16
2025-09-26,77.8,79.02,75.1,75.18,78.2,-3.02,-3.8619,55352.29,425203.842,77.416,77.461,76.40950000000001,71.85950000000001,48.02581081877738,0.8493215217453951,1.1052359370939404,-0.2559144153485453,81.36115883953607,76.40950000000001,71.45784116046394,36.44204830294052,47.43710759901962,14.451929710782323,3.301428571428571,598481.53,61962.85,68796.30900000001,69691.5405
2025-09-29,75.07,76.35,74.64,75.2,75.18,0.02,0.0266,51369.01,387274.454,76.74,77.465,76.09450000000001,72.00316666666667,48.068586817664624,0.6369000308253305,1.0115687558402184,-0.3746687250148879,80.44808521342172,76.09450000000001,71.7409147865783,27.612419399462333,40.82887819916719,1.1795018000526056,3.232142857142857,649850.54,61383.272,67290.97499999999,67364.669
2025-09-30,75.5,77.76,75.44,76.65,75.2,1.45,1.9282,52612.57,404583.093,76.79,77.55,76.064,72.1865,51.20416667586161,0.5788843324597508,0.925031871164125,-0.3461475387043742,80.39167544264122,76.064,71.73632455735877,27.385641036019422,36.3477991447846,9.46132481848906,3.29,702463.11,55565.016,66982.905,65103.6375
2025-10-09,78.0,80.22,77.0,78.83,76.65,2.18,2.8441,84305.24,667614.809,76.812,77.53599999999999,76.19800000000001,72.42066666666666,55.549631743838276,0.7007365991823349,0.880172816767767,-0.17943621758543216,80.69936634227501,76.19800000000001,71.696633657725,41.23145299837195,37.97568376264705,47.742991469821746,3.239285714285714,786768.35,59515.862,67464.875,65781.5955
2025-10-10,78.1,79.97,76.64,77.25,78.83,-1.58,-2.0043,73450.43,573274.919,76.622,77.247,76.4675,72.62366666666667,51.93939495954978,0.6621794110113228,0.8365741356164782,-0.17439472460515537,80.49586717607282,76.4675,72.43913282392718,43.95555128909069,39.96897293812827,51.92870799101554,3.3142857142857136,713317.9199999999,63417.90800000001,63602.956000000006,64227.889500000005
2025-10-13,74.78,77.99,74.7,77.86,77.25,0.61,0.7896,59409.27,453418.545,77.158,77.287,76.68249999999999,72.85633333333334,53.20390291901107,0.6730855523473167,0.8038764189626459,-0.13079086661532924,80.51155168966193,76.68249999999999,72.85344831033805,49.235557758882734,43.057834545046425,61.59100418655534,3.2821428571428553,772727.19,64229.304000000004,63096.07699999999,63961.44149999999
2025-10-14,77.76,79.1,73.29,73.38,77.86,-4.48,-5.7539,78717.53,597313.168,76.79400000000001,76.767,76.6165,73.00800000000001,44.03944060422928,0.31658084197127323,0.7064173035643715,-0.38983646159309826,80.63047178287067,76.6165,72.60252821712933,33.25660560548888,39.79075823186058,20.188300352745472,3.576428571428569,694009.6599999999,69699.008,65541.14,65053.67
2025-10-15,71.48,71.48,67.03,69.69,73.38,-3.69,-5.0286,97430.25,674115.868,75.402,76.096,76.442,73.05966666666667,38.20246451930386,-0.26069869854525507,0.5129941031424462,-0.7736928016877013,81.29976036764592,76.442,71.58423963235407,28.89333474533223,36.15828373635113,14.36343676329443,3.787142857142854,596579.4099999999,78662.544,67113.78,67656.55
2025-10-16,69.5,69.56,67.14,67.85,69.69,-1.84,-2.6403,69858.97,475987.441,73.20599999999999,75.009,76.1635,73.0905,35.664102507182164,-0.8567929402770602,0.23903669445854492,-1.0958296347356051,82.23723040664709,76.1635,70.08976959335291,21.334500141063018,31.217022537921764,1.5694553473455244,3.6599999999999966,526720.44,75773.29,67644.576,69337.891
2025-10-17,67.68,68.11,64.8,65.05,67.85,-2.8,-4.1268,57614.31,380492.2,70.76599999999999,73.694,75.618,73.08366666666667,32.16199080702563,-1.537416144593692,-0.11625387335190246,-1.4211622712417895,83.46851818604807,75.618,67.76748181395192,14.763423786216679,25.73248962068674,-7.174707882723439,3.604285714285712,469106.12999999995,72606.06599999999,68011.987,68801.11
2025-10-20,66.28,66.5,64.41,65.2,65.05,0.15,0.2306,52248.09,340788.383,68.234,72.696,75.07849999999999,73.09216666666667,32.5441429243904,-2.041181718977441,-0.5012394424770102,-1.539942276500431,84.20129568184169,75.07849999999999,65.9557043181583,11.507895005696227,20.99095808235657,-7.45823114762446,3.5885714285714263,521354.22,71173.82999999999,67701.56700000001,68248.938
2025-10-21,65.5,66.6,64.42,66.56,65.2,1.36,2.0859,55297.32,362788.173,66.86999999999999,71.832,74.6485,73.13366666666666,36.061050883103704,-2.3041184884350514,-0.8618152516686186,-1.4423032367664328,84.53395827279422,74.6485,64.76304172720577,12.204925997894058,18.06228072086907,0.49021655194403735,3.3421428571428535,576651.5399999999,66489.788,68094.398,67692.6865
2025-10-22,66.4,68.72,65.94,67.4,66.56,0.84,1.262,50379.35,341063.968,66.412,70.907,74.22850000000001,73.18616666666667,38.20407107894793,-2.416856772329922,-1.1728235558008793,-1.2440332165290426,84.60932904102296,74.22850000000001,63.84767095897706,14.541930099710026,16.888830513816057,9.84812927149796,3.2335714285714254,627030.8899999999,57079.60799999999,67871.076,67426.9905
2025-10-23,67.0,67.36,65.53,67.12,67.4,-0.28,-0.4154,27201.22,180300.306,66.266,69.736,73.636,73.22900000000001,37.74987878663732,-2.4999781426483594,-1.4382544731703752,-1.0617236694779841,84.2279083316115,73.636,63.04409166838849,15.843927985692794,16.540529671108303,14.450724614861777,3.2371428571428544,599829.6699999999,48548.058,62160.674,64812.7745
2025-10-24,67.48,68.78,67.48,68.55,67.12,1.43,2.1305,45474.82,309913.716,66.96600000000001,68.866,73.0565,73.29683333333334,41.57042562031664,-2.4225378699047155,-1.6351111525172435,-0.787426717387472,83.41577710341129,73.0565,62.69722289658871,19.956764334460047,17.679274558892217,24.511743885595706,3.075714285714283,645304.4899999999,46120.159999999996,59363.113,61483.03450000001
2025-10-27,69.38,69.71,67.21,67.63,68.55,-0.92,-1.3421,63734.19,434956.403,67.452,67.843,72.565,73.34133333333332,39.874836149216755,-2.4076483357619196,-1.7896185891661787,-0.618029746595741,82.97723066246705,72.565,62.152769337532945,28.48602770812186,21.281525608635434,42.895031907094705,3.132142857142855,581570.2999999998,48417.38,59795.605,61445.841
2025-10-28,67.29,68.59,66.51,67.2,67.63,-0.43,-0.6358,56021.92,379208.736,67.58000000000001,67.225,71.99600000000001,73.3745,39.07265133988363,-2.4028471527638544,-1.9122643018857137,-0.4905828508781407,82.2670311069531,71.99600000000001,61.72496889304692,36.537854950068706,26.366968722446526,56.879627405313066,3.09785714285714,525548.3799999998,48562.3,57526.043999999994,61533.59199999999
2025-10-29,66.59,67.2,64.81,65.96,67.2,-1.24,-1.8452,87271.47,572471.995,67.292,66.852,71.474,73.39833333333334,36.775089679160075,-2.470620047534453,-2.0239354510154617,-0.4466845965189914,81.86311657254325,71.474,61.08488342745676,34.106997639668435,28.946978361520497,44.42703619596431,3.0135714285714266,438276.9099999998,55940.724,56510.166000000005,61811.973
2025-10-30,65.96,65.98,64.49,64.6,65.96,-1.36,-2.0619,50738.11,329849.247,66.78799999999998,66.527,70.768,73.40783333333334,34.38679505845916,-2.6040532836363894,-2.1399590175396472,-0.4640942660967422,81.00173081118453,70.768,60.53426918881547,23.93296697990473,27.27564123431524,17.247618471083705,2.882142857142856,387538.7999999998,60648.102,54598.08,61121.328
2025-10-31,64.54,65.2,64.01,64.34,64.6,-0.26,-0.4025,47835.04,308298.591,65.946,66.45599999999999,70.075,73.4085,33.93308683447705,-2.69965991267766,-2.25189919656725,-0.44776071611041024,80.06387275659102,70.075,60.086127243408974,17.88513588133999,24.145472783323495,5.364462077372984,2.7321428571428563,339703.75999999983,61120.14600000001,53620.153000000006,60816.07000000001
2025-11-03,64.34,64.34,62.6,64.03,64.34,-0.31,-0.4818,47062.02,298158.489,65.226,66.339,69.5175,73.39733333333334,33.36777864606614,-2.768529380870362,-2.3552252334278725,-0.41330414744248944,79.55121553156751,69.5175,59.48378446843249,18.62759644785067,22.306180671499224,11.270428000553565,2.4414285714285713,292641.7399999998,57785.712,53101.545999999995,60401.556500000006
2025-11-04,64.02,64.38,61.8,62.26,64.03,-1.77,-2.7643,47797.32,299732.383,64.238,65.909,68.87049999999999,73.36999999999999,30.267279922316376,-2.9321333302421806,-2.470606852790734,-0.4615264774514465,79.02941306867226,68.87049999999999,58.71158693132773,14.35687213674664,19.65641115991503,3.7577940904098597,2.1721428571428576,244844.4199999998,56140.792,52351.546,60222.971999999994
2025-11-05,61.5,62.2,61.16,61.86,62.26,-0.4,-0.6425,34205.11,210852.296,63.41799999999999,65.355,68.131,73.2985,29.597954429252496,-3.05880726971877,-2.5882469361763416,-0.4705603335424282,78.0560451941168,68.131,58.20595480588319,12.300292925472432,17.204371748434166,2.492135279548961,2.068571428571429,210639.30999999982,45527.520000000004,50734.122,59302.599
2025-11-06,61.94,62.84,61.21,62.32,61.86,0.46,0.7436,49210.24,305679.586,62.962,64.875,67.3055,73.22266666666668,31.474666531795933,-3.086499874497079,-2.687897523840489,-0.3986023506565899,76.1738481521288,67.3055,58.437151847871185,12.722612437644408,15.710451978170916,6.746933356591391,1.948571428571429,259849.5499999998,45221.945999999996,52935.024,57547.849
2025-11-07,61.98,61.98,60.76,60.81,62.32,-1.51,-2.423,42953.62,262303.303,62.25599999999999,64.101,66.48349999999999,73.13966666666667,28.764060677924462,-3.19347841243453,-2.7890137015592975,-0.4044647108752324,74.47508577241668,66.48349999999999,58.49191422758331,8.694598159791907,13.371834038711247,-0.6598735980467758,1.9107142857142863,216895.92999999982,44245.662,52682.904,56023.00850000001
2025-11-10,61.18,61.46,59.9,60.69,60.81,-0.12,-0.1973,43548.72,263360.866,61.588,63.407,65.625,73.07733333333334,28.5536076377105,-3.2504732394518,-2.881305609137798,-0.3691676303140019,71.99533090109702,65.625,59.25466909890297,9.403704709267657,12.049124262230052,4.112865603342868,1.8664285714285727,173347.20999999982,43543.00199999999,50664.357,55229.98100000001
2025-11-11,60.88,61.08,58.77,58.96,60.69,-1.73,-2.8506,46047.99,274572.909,60.928,62.583000000000006,64.904,72.9645,25.640954693898152,-3.3960905741297083,-2.98426260213618,-0.41182797199352805,70.82711582299632,64.904,58.980884177003674,7.147546089118789,10.415264871192965,0.6121085249704343,1.8328571428571436,127299.21999999983,43193.136,49666.964,53596.504
2025-11-12,58.88,59.65,58.02,59.28,58.96,0.32,0.5427,38806.52,229248.982,60.412,61.915,64.3835,72.85333333333332,27.12181421995443,-3.445949277092396,-3.0765999371274235,-0.3693493399649723,70.36506562853062,64.3835,58.40193437146938,10.614612898781134,10.481714213722356,10.880410268898693,1.8157142857142858,166105.73999999982,44113.418,44820.469,50665.3175
2025-11-13,59.27,59.63,58.7,59.62,59.28,0.34,0.5735,38066.31,225222.197,59.872,61.416999999999994,63.972,72.7,28.745514584974245,-3.4186197791048443,-3.145003905522908,-0.27361587358193606,70.0804672898835,63.972,57.8635327101165,15.462152833988242,12.141860420477652,22.10273766100942,1.763571428571429,204172.0499999998,41884.632,43553.289,49075.6845
2025-11-14,58.8,59.29,58.01,58.01,59.62,-1.61,-2.7004,33758.63,198266.067,59.312,60.78399999999999,63.620000000000005,72.54583333333333,25.812767889858023,-3.48668219772879,-3.2133395639640847,-0.27334263376470513,70.25553115313373,63.620000000000005,56.98446884686628,10.308101889325496,11.530607576760268,7.863090514455951,1.7000000000000004,170413.4199999998,40045.634,42145.648,47882.9005
2025-11-17,58.03,58.88,57.48,58.05,58.01,0.04,0.069,31758.19,184307.789,58.784000000000006,60.186,63.2625,72.25333333333334,26.01472936398784,-3.4970823012349754,-3.270088111418263,-0.2269941898167125,70.29799160366643,63.2625,56.227008396333574,10.41684404561998,11.159353066380174,8.931826004099591,1.6514285714285724,202171.6099999998,37687.528,40615.265,46858.4055
2025-11-18,58.0,58.64,57.59,57.83,58.05,-0.22,-0.379,33416.11,194087.487,58.55799999999999,59.742999999999995,62.826,71.76716666666668,25.60191089532563,-3.482927598269903,-3.3126560087885912,-0.17027158948131182,70.0799510830848,62.826,55.57204891691521,9.12117961250288,10.479961915087744,6.403615007333155,1.5557142857142863,168755.49999999983,35161.151999999995,39177.14399999999,45764.345
2025-11-19,57.78,58.22,56.38,56.45,57.83,-1.38,-2.3863,37198.75,212230.891,57.992,59.202,62.278499999999994,71.3805,23.12318476704519,-3.542231718758586,-3.3585711507825904,-0.18366056797599573,69.72912137994985,62.278499999999994,54.827878620050136,6.497453075001923,9.152458968392471,1.1874412882208283,1.5807142857142853,131556.74999999983,34839.598,39476.507999999994,45105.314999999995
2025-11-20,57.02,57.84,56.01,56.01,56.45,-0.44,-0.7795,41154.26,233178.25,57.269999999999996,58.571000000000005,61.723,70.9305,22.379208371995134,-3.583427463087226,-3.4035424132435175,-0.17988504984370834,69.30918162048238,61.723,54.136818379517614,4.331635383334616,7.545517773373186,-2.0961293967425245,1.6264285714285716,90402.48999999982,35457.188,38670.909999999996,45802.967
2025-11-21,55.51,56.0,53.85,54.04,56.01,-1.97,-3.5172,56166.48,306852.073,56.476,57.89399999999999,60.9975,70.50783333333334,19.373673828609512,-3.7320175480958397,-3.4692374402139823,-0.26278010788185746,68.60991057332298,60.9975,53.385089426677034,3.7637366363770552,6.284924061041144,-1.2786382129511225,1.6564285714285714,34236.00999999981,39938.757999999994,39992.196,46337.55
2025-11-24,54.7,56.5,54.17,56.26,54.04,2.22,4.1081,58710.49,327173.734,56.11800000000001,57.451,60.428999999999995,70.09633333333335,30.672961910146185,-3.6288101497624723,-3.5011519821236803,-0.127658167638792,67.64370399144744,60.428999999999995,53.21429600855255,16.35973247022837,9.643193530770219,29.792810349144673,1.647857142857143,92946.49999999981,45329.21800000001,41508.373,46086.365
2025-11-25,56.53,58.25,56.18,57.31,56.26,1.05,1.8663,52405.49,301287.528,56.013999999999996,57.286,59.93449999999999,69.671,35.29201639426071,-3.4228350069113986,-3.4854885870812238,0.06265358016982514,66.52377190291335,59.93449999999999,53.34522809708664,30.86035221198616,16.7155797578422,59.149897120274076,1.717142857142857,145351.98999999982,49127.094,42144.123,45905.54350000001
2025-11-26,57.72,58.5,56.51,57.28,57.31,-0.03,-0.0523,42641.4,245295.81,56.17999999999999,57.086,59.50050000000001,69.27116666666666,35.21981357908011,-3.224844966137354,-3.43335986289245,0.20851489675509605,65.53915608959628,59.50050000000001,53.46184391040374,41.59072500406921,25.007294839917872,74.75758533237189,1.7428571428571427,102710.58999999982,50215.623999999996,42527.611000000004,43674.03999999999
2025-11-27,57.0,61.86,56.9,60.81,57.28,3.53,6.1627,126120.09,758829.392,57.14000000000001,57.205,59.311,68.96499999999999,48.55646003768452,-2.7513787522415925,-3.296963640762279,0.5455848885206867,64.89673709973584,59.311,53.725262900264156,56.69094525864291,35.56851164615955,98.93581248360965,1.9857142857142855,228830.67999999982,67208.79,51332.989,47443.139
2025-11-28,59.94,60.4,58.86,60.0,60.81,-0.81,-1.332,68278.97,408116.363,58.331999999999994,57.403999999999996,59.09400000000001,68.61666666666666,46.2057685206856,-2.4136900803603893,-3.1203089286819012,0.7066188483215119,64.1711786612145,59.09400000000001,54.016821338785526,63.3869722448381,44.84133184571907,100.47825304307617,2.0135714285714283,160551.70999999982,69631.288,54785.023,48465.3355
2025-12-01,61.2,61.58,59.81,60.68,60.0,0.68,1.1333,66861.65,404437.272,59.215999999999994,57.666999999999994,58.9265,68.2845,48.46150783303595,-2.067367729680136,-2.9097206888815483,0.8423529592014125,63.51560506124613,58.9265,54.33739493875387,70.68078632385794,53.45448333843203,105.13339229470978,1.9749999999999999,227413.3599999998,71261.51999999999,58295.36899999999,49455.317
2025-12-02,60.3,61.3,59.8,60.34,60.68,-0.34,-0.5603,49898.52,301774.78,59.822,57.918000000000006,58.83050000000001,67.93183333333333,47.39144847035226,-1.7995953155610707,-2.687695614217453,0.8881002986563824,63.20111708277075,58.83050000000001,54.459882917229265,74.128430999093,60.34579922531902,101.69369454664097,1.965714285714286,177514.83999999982,70760.126,59943.61,49560.37699999999
2025-12-03,60.15,60.18,58.7,59.01,60.34,-1.33,-2.2042,49097.08,291571.901,60.168000000000006,58.174,58.688,67.62766666666667,43.35833065363398,-1.6753907709884572,-2.485234645571654,0.8098438745831968,62.82217388170931,58.688,54.553826118290694,70.89211255120556,63.86123700061454,84.95386365238758,2.016428571428572,128417.75999999982,72051.262,61133.44300000001,50304.9755
2025-12-04,59.01,60.14,58.67,59.27,59.01,0.26,0.4406,40592.84,241209.481,59.86,58.5,58.5355,67.34633333333333,44.35527590714501,-1.5382460050584754,-2.2958369174690185,0.7575909124105431,62.31539960880292,58.5355,54.75560039119708,69.36804035706726,65.69683811943212,76.71044483233754,2.0064285714285717,169010.5999999998,54945.812,61077.301,49874.1055
2025-12-05,59.27,62.3,58.9,61.53,59.27,2.26,3.8131,88724.65,539843.505,60.166,59.249,58.5715,67.17416666666666,52.22649724813575,-1.2329816328334786,-2.0832658605419105,0.8502842277084319,62.454907483667846,58.5715,54.688092516332155,75.38479378924312,68.92615667603579,88.30206801565777,2.149285714285714,257735.2499999998,59034.948,64333.118,52162.657
2025-12-08,62.01,62.49,61.42,61.79,61.53,0.26,0.4226,75506.18,467312.619,60.388,59.802,58.6265,66.978,53.04932617936888,-0.9590225761576647,-1.8584172036650615,0.8993946275073967,62.66432784231911,58.6265,54.58867215768089,79.68796731991904,72.51342689066354,94.03704817843004,2.150714285714286,333241.4299999998,60763.85400000001,66012.687,53760.530000000006
2025-12-09,61.63,62.82,60.69,61.0,61.79,-0.79,-1.2785,65192.67,402201.813,60.52,60.17100000000001,58.7285,66.74966666666667,50.21904647232793,-0.7964732004013086,-1.646028403012311,0.8495552026110023,62.90256667790248,58.7285,54.554433322097516,76.21089713219828,73.74591697117512,81.14085745424461,2.1714285714285717,268048.75999999983,63822.683999999994,67291.405,54717.764
2025-12-10,60.2,60.39,57.69,59.52,61.0,-1.48,-2.4262,108812.0,639651.151,60.622,60.395,58.7405,66.52199999999999,45.33882984570328,-0.7781057612713909,-1.472443874664127,0.6943381133927362,62.922614675363604,58.7405,54.55838532463639,62.69810296142657,70.06331230125895,47.96768428176182,2.277142857142857,159236.75999999983,75765.66799999999,73908.465,58218.038
2025-12-11,59.84,60.02,58.7,58.7,59.52,-0.82,-1.3777,54344.13,322616.063,60.508,60.184000000000005,58.69449999999999,66.27666666666667,42.85398827171207,-0.8202611207989818,-1.3420073238910981,0.5217462030921163,62.85607093314241,58.69449999999999,54.53292906685757,48.36143836154887,62.829354321355595,19.42560644193543,2.2171428571428575,104892.62999999983,78515.926,66730.869,59031.92899999999
2025-12-12,58.81,67.33,57.91,66.28,58.7,7.58,12.9131,210806.76,1332664.977,61.45799999999999,60.81199999999999,59.10799999999999,66.11533333333334,63.026470588105454,-0.2392687543798715,-1.1214596099888527,0.8821908556089813,64.45718232807074,59.10799999999999,53.75881767192924,61.94358684684172,62.534098496517636,60.762563547489876,2.714285714285715,315699.38999999984,102932.348,80983.648,67884.3355
2025-12-15,65.31,66.77,64.2,64.25,66.28,-2.03,-3.0628,117465.2,764236.01,61.95,61.169000000000004,59.41799999999999,65.91966666666666,57.202734046696904,0.056714082608088745,-0.8858248714694645,0.9425389540775533,65.20935689945276,59.41799999999999,53.62664310054722,63.97898874160127,63.01572857821219,65.90550906837944,2.75,198234.18999999983,111324.152,86044.003,72169.686
2025-12-16,65.0,65.57,62.52,63.16,64.25,-1.09,-1.6965,78019.8,495799.614,62.38199999999999,61.451,59.6845,65.71966666666667,54.30135454397102,0.20101158642933825,-0.668457579889704,0.8694691663190423,65.65591427310564,59.6845,53.713085726894356,61.566905357471384,62.532787504631926,59.635141063150286,2.8257142857142847,120214.38999999982,113889.57800000001,88856.13100000001,74399.87049999999
2025-12-17,62.85,63.76,61.0,62.82,63.16,-0.34,-0.5383,85027.41,528607.34,63.041999999999994,61.831999999999994,60.003,65.50333333333333,53.39165446372043,0.28465194883709444,-0.4778356741443443,0.7624876229814388,65.92734797655959,60.003,54.07865202344041,58.783192783265854,61.2829225975099,53.78373315477775,2.6685714285714277,35186.97999999982,109132.66,92449.16399999999,76791.30350000001
2025-12-18,62.5,65.25,62.26,63.11,62.82,0.29,0.4616,121803.79,782407.413,63.924,62.215999999999994,60.358000000000004,65.239,54.098009190560944,0.37007215358577383,-0.3082541085983207,0.6783262621840945,66.1236682636372,60.358000000000004,54.59233173636281,57.930150652191074,60.16533194907029,53.45978805843265,2.7428571428571416,156990.76999999981,122624.59199999999,100570.25899999999,80823.78
2025-12-19,63.11,64.63,62.14,62.36,63.11,-0.75,-1.1884,84531.59,534085.15,63.14,62.299,60.774,64.94266666666667,51.90705398430005,0.3729504091172373,-0.17201320505520912,0.5449636141724464,65.76944381885792,60.774,55.77855618114208,54.7680949022906,58.366252933477064,47.571778839917656,2.794285714285713,72459.17999999982,97369.55799999999,100150.953,82242.0355
2025-12-22,63.02,64.5,63.02,63.4,62.36,1.04,1.6677,77787.95,495959.495,62.970000000000006,62.46,61.13100000000001,64.70833333333333,54.6498154142987,0.4539182684753129,-0.04682691034910472,0.5007451788244176,65.77641381081189,61.13100000000001,56.48558618918813,56.256184983269804,57.662896950074646,53.44276104966012,2.839999999999999,150247.12999999983,89434.108,100379.13,83195.90849999999
2025-12-23,63.4,63.7,61.45,62.12,63.4,-1.28,-2.0189,84699.01,527805.39,62.762,62.57199999999999,61.371500000000005,64.43400000000001,50.80912187299805,0.41007350565357115,0.04455317285143046,0.3655203328021407,65.66900613116096,61.371500000000005,57.073993868839054,52.40150478007088,55.90909956007339,45.38631522006587,2.8835714285714276,65548.11999999984,90769.95,102329.764,84810.5845
2025-12-24,62.07,63.72,61.67,63.49,62.12,1.37,2.2054,71252.51,447765.732,62.896,62.968999999999994,61.682,64.21883333333334,54.49526996189212,0.480336742694611,0.13170988682006657,0.34862685587454445,65.61686761631093,61.682,57.74713238368908,54.67955944998358,55.49925285671013,53.040172636530485,2.9249999999999985,136800.62999999983,88014.97,98573.81499999999,86241.13999999998
2025-12-25,63.5,66.85,63.22,66.32,63.49,2.83,4.4574,124894.5,818259.031,63.538,63.73100000000001,61.957499999999996,64.01216666666667,60.99710053948362,0.7556673501461972,0.2565013794852927,0.4991659706609045,66.37702069323048,61.957499999999996,57.537979306769515,66.76642994671269,59.254978553377654,81.78933273338276,2.94142857142857,261695.12999999983,88633.112,105628.852,86179.8605
2025-12-26,66.34,70.18,66.16,68.25,66.32,1.93,2.9101,157250.16,1079644.334,64.716,63.928,62.36999999999999,63.846333333333334,64.70129236073316,1.1167307337604484,0.42854725034032387,0.6881834834201246,67.50273088285245,62.36999999999999,57.237269117147534,70.83629825060439,63.115418452453234,86.27805784690669,3.1521428571428562,418945.2899999998,103176.826,100273.192,90628.42000000001
2025-12-29,68.25,69.65,66.77,67.19,68.25,-1.06,-1.5531,108926.3,739449.067,65.47399999999999,64.222,62.6955,63.71316666666667,61.26011075891454,1.3023304703954253,0.6033038943513442,0.699026576044081,68.18991237698984,62.6955,57.201087623010174,69.70059680033029,65.3104779017456,78.48083459749967,3.2057142857142855,310018.9899999998,109404.496,99419.302,92731.6525
2025-12-30,66.99,68.33,66.67,66.81,67.19,-0.38,-0.5656,86681.55,583269.092,66.412,64.587,63.01899999999999,63.57333333333334,60.027551855609445,1.4025886062730208,0.7631608367356796,0.6394277695373413,68.68855637362238,63.01899999999999,57.3494436263776,66.93289118494718,65.85128232947946,69.09610889588262,3.087857142857142,223337.43999999983,109801.004,100285.477,94570.80399999999
2025-12-31,66.97,67.2,65.4,66.11,66.81,-0.7,-1.0477,90194.08,595428.318,66.936,64.91600000000001,63.374,63.39766666666666,57.723553876826465,1.4093140562480855,0.8923914806381608,0.5169225756099247,68.87318807404169,63.374,57.87481192595831,62.41497823937294,64.70584763277729,57.83323945256424,3.122142857142856,133143.3599999998,113589.318,100802.144,96625.65400000001
2026-01-05,67.42,70.18,67.02,68.91,66.11,2.8,4.2354,127958.78,878297.473,67.454,65.49600000000001,63.855999999999995,63.23233333333334,63.7217713848742,1.621884547752785,1.0382900940610857,0.5835944536916993,69.52777833432182,63.855999999999995,58.184221665678166,70.09413975026538,66.50194500527333,77.2785292402495,2.7399999999999993,261102.1399999998,114202.174,101417.64300000001,100993.951
2026-01-06,68.46,69.36,67.35,68.6,68.91,-0.31,-0.4499,116589.76,795259.525,67.524,66.12,64.2095,63.088166666666666,62.66175005613345,1.7452160206097176,1.1796752793708123,0.5655407412389053,70.14599010247979,64.2095,58.27300989752022,74.0299228728382,69.01127096112829,84.06722669625802,2.7,144512.37999999983,106070.094,104623.46,102387.2065
2026-01-07,68.47,70.0,67.6,69.33,68.6,0.73,1.0641,103423.29,712899.267,67.952,66.713,64.5865,62.946,64.17315613423887,1.8801883595077697,1.3197778953982038,0.560410464109566,70.82596784168064,64.5865,58.34703215831936,79.35719887566414,72.45991359930692,93.15176942837857,2.65357142857143,247935.6699999998,104969.492,107186.99399999999,103783.062
2026-01-08,68.81,72.77,68.75,71.55,69.33,2.22,3.2021,139451.85,994397.59,68.9,67.65599999999999,65.114,62.9155,68.36674530075479,2.141603287595899,1.484142973837743,0.6574603137581561,71.84154401108245,65.114,58.38645598891756,81.97984288046021,75.63322335969136,94.67308192199792,2.7435714285714297,387387.5199999998,115523.552,112662.278,107496.021
2026-01-09,72.74,75.0,71.0,74.99,71.55,3.44,4.8078,135233.69,996257.774,70.676,68.806,65.8875,63.00383333333333,73.5359505979379,2.596425772136783,1.7065995334975508,0.8898262386392322,73.41654236589005,65.8875,58.358457634109946,87.95183969808457,79.73942880582243,104.37666148260888,2.8157142857142867,522621.2099999998,124531.474,119060.396,108817.10549999999
2026-01-12,76.88,80.58,76.5,77.1,74.99,2.11,2.8137,185179.86,1449310.539,72.314,69.88399999999999,66.8075,63.158,76.11421856385584,3.091498365185771,1.983579299835195,1.107919065350576,75.09690700056716,66.8075,58.518092999432845,84.32625940346612,81.26837233837034,90.4420335336577,3.0371428571428587,707801.0699999998,135975.69,125088.93199999999,115358.89199999999
2026-01-13,75.88,76.0,71.55,72.6,77.1,-4.5,-5.8366,171497.66,1253890.885,73.114,70.31899999999999,67.1235,63.28383333333333,62.196908721398025,3.0851706433274586,2.203897568533648,0.8812730747938105,75.80100212664301,67.1235,58.445997873356994,72.02778294881931,78.18817587518667,59.706997096084564,3.280714285714287,536303.4099999998,146957.27,126513.682,113393.437
2026-01-14,72.96,74.05,69.93,70.93,72.6,-1.67,-2.3003,148154.16,1068084.472,73.434,70.693,67.45750000000001,63.379333333333335,57.96129611412301,2.9118350134575337,2.345485057518425,0.5663499559391085,76.1834054725449,67.45750000000001,58.73159452745512,60.16169280470257,72.1793481850253,36.126382044057095,3.414285714285715,388149.24999999977,155903.444,130436.468,114927.88499999998
2026-01-15,70.22,70.7,68.26,70.58,70.93,-0.35,-0.4934,98657.3,685290.792,73.24,71.07,67.82849999999999,63.44633333333333,57.083896779138726,2.7149272121240244,2.419373488439545,0.2955537236844794,76.41490853785486,67.82849999999999,59.24209146214513,48.85902430834646,64.40590689279902,17.765259139441326,3.4585714285714295,289491.9499999998,147744.53399999999,131634.043,115959.76000000001
2026-01-16,71.85,73.69,70.7,73.26,70.58,2.68,3.7971,97157.12,701837.09,72.89399999999999,71.785,68.3505,63.544000000000004,61.84650612382122,2.7435045505422124,2.4841997008600787,0.25930484968213374,76.92422847715622,68.3505,59.776771522843774,47.46308347691732,58.75829908750513,24.8726522557417,3.421428571428573,386649.0699999998,140129.22,132330.347,116566.2455
2026-01-19,73.5,73.78,71.61,72.51,73.26,-0.75,-1.0238,54302.7,394637.921,71.976,72.145,68.8205,63.63383333333333,59.84496976701776,2.674800134197028,2.5223197875274685,0.15248034666955945,77.21332268557954,68.8205,60.42767731442045,44.25119792143746,53.92259869881591,24.90839636668055,3.289285714285715,332346.36999999976,113953.78799999999,124964.73900000002,113191.19099999999
2026-01-20,72.76,72.9,69.19,69.9,72.51,-2.61,-3.5995,81246.02,571877.307,71.436,72.275,69.1975,63.656333333333336,53.37170571082314,2.382284706756238,2.494312771373223,-0.11202806461698511,77.02689367148938,69.1975,61.368106328510635,33.93802805152109,47.26107514971764,7.291933855127979,3.348571428571429,251100.34999999974,95903.45999999999,121430.36500000002,113026.9125
2026-01-21,69.04,71.9,68.66,71.15,69.9,1.25,1.7883,66970.2,475104.197,71.47999999999999,72.45700000000001,69.585,63.715,55.83560066571737,2.225672509111675,2.4405847189209133,-0.21491220980923842,76.9602116829567,69.585,62.20978831704329,30.444616103611466,41.65558880101558,8.022670708803233,3.461428571428573,318070.54999999976,79666.66799999999,117785.05600000001,112486.025
2026-01-22,71.81,72.44,70.14,70.54,71.15,-0.61,-0.8573,58288.79,413757.525,71.47200000000001,72.356,70.006,63.77066666666667,54.32693715668034,2.0289458869216332,2.3582569525210575,-0.32931106559942425,76.49503982841352,70.006,63.51696017158648,26.465241904572157,36.59213983553444,6.211446042647594,3.4971428571428587,259781.75999999975,71592.966,109668.75,111165.51400000001
2026-01-23,70.71,74.38,70.71,73.7,70.54,3.16,4.4797,100201.34,732306.323,71.56000000000002,72.227,70.5165,63.89966666666667,60.309768454202896,2.103773224101289,2.307360206837104,-0.203586982735815,76.42788874056727,70.5165,64.60511125943272,41.07157384508085,38.08528450538324,47.04415252447606,3.480714285714286,359983.09999999974,72201.81000000001,106165.51499999998,112612.9555
2026-01-26,74.9,74.97,69.06,69.1,73.7,-4.6,-6.2415,106936.07,759291.71,70.87800000000001,71.42699999999999,70.6555,63.974666666666664,50.03492318943291,1.7714724401354687,2.200182653496777,-0.4287102133613083,76.27493797526897,70.6555,65.03606202473104,31.5539255340777,35.9081648482814,22.845446905670286,3.759285714285714,253047.02999999974,82728.48400000001,98341.136,111715.03399999999
2026-01-27,69.0,71.31,67.4,71.15,69.1,2.05,2.9667,74239.28,515959.3,71.128,71.28200000000001,70.8005,64.08816666666667,53.811531176556855,1.65446786648549,2.0910396960945197,-0.43657182960902974,76.3071179323276,70.8005,65.2938820676724,37.54849989370043,36.454943196754414,39.73561328759246,3.867142857142856,327286.3099999997,81327.136,88615.298,107564.48999999999
2026-01-28,70.86,71.79,69.0,69.7,71.15,-1.45,-2.0379,58265.77,407321.186,70.83800000000001,71.159,70.926,64.18266666666666,50.8819985847634,1.4282737661444997,1.958486510104516,-0.5302127439600162,76.1954527829348,70.926,65.65654721706521,35.16003031222477,36.02330556857787,33.43347979951858,3.779285714285714,269020.5399999997,79586.25,79626.459,105031.4635
2026-01-29,69.11,70.27,67.06,67.32,69.7,-2.38,-3.4146,69573.71,475775.025,70.194,70.833,70.9515,64.267,46.41538315129078,1.0449219921890887,1.7757736065214305,-0.7308516143323418,76.1414225224924,70.9515,65.76157747750759,24.53567971088896,32.194096949348236,9.218845233970413,3.722857142857142,199446.82999999967,81843.23400000001,76718.1,104176.0715
2026-01-30,67.15,67.99,64.75,67.36,67.32,0.04,0.0594,66989.31,446178.771,68.926,70.24300000000001,71.014,64.35866666666666,46.50038586054805,0.735858101002492,1.5677905054176429,-0.8319324044151508,75.98387302601758,71.014,66.04412697398242,24.86983996381508,29.752677954170522,15.1041639831042,3.554999999999999,266436.13999999966,75200.82800000001,73701.319,103015.833
2026-02-02,66.34,67.28,63.8,64.15,67.36,-3.21,-4.7654,65494.54,427895.089,67.936,69.40700000000001,70.776,64.38916666666667,40.894011686574245,0.22925980333775442,1.3000843650016654,-1.070824561663911,76.55942604708537,70.776,64.99257395291463,17.624357648213365,25.709904518851474,1.4532639069371527,3.412857142857142,200941.59999999966,66912.522,74820.503,99892.621
2026-02-03,65.02,65.97,64.5,65.54,64.15,1.39,2.1668,50104.17,327584.118,66.814,68.971,70.623,64.468,44.04027828823209,-0.0593771512809127,1.0281920617451499,-1.0875692130260626,76.79749115738551,70.623,64.4485088426145,16.94205162223478,22.78728688664591,5.251581093412518,3.2485714285714278,251045.76999999967,62085.5,71706.318,96568.34150000001
2026-02-04,65.02,65.36,63.24,64.18,65.54,-1.36,-2.0751,52368.16,335980.996,65.71000000000001,68.274,70.3655,64.52616666666667,41.70131921779362,-0.3933305812382031,0.7438875331484793,-1.1372181143866824,77.16495655723193,70.3655,63.56604344276806,13.96591449439126,19.846829422561026,2.2040846380517323,3.2221428571428565,198677.60999999967,60905.978,70246.114,94015.58499999999
2026-02-05,63.33,65.15,63.33,64.28,64.18,0.1,0.1558,47414.05,305198.515,65.102,67.648,70.00200000000001,64.61483333333334,41.94546794879705,-0.6425153986550214,0.46660694678777925,-1.1091223454428007,77.29428171641628,70.00200000000001,62.70971828358373,12.265994715499259,17.319884520207104,2.158215106083567,3.13,246091.65999999968,56474.045999999995,69158.64,89413.695
2026-02-06,63.62,64.8,63.07,64.18,64.28,-0.1,-0.1556,36092.12,231294.704,64.466,66.696,69.4615,64.6965,41.757141555524264,-0.8384007638829445,0.2056054046536345,-1.044006168536579,76.79943682461939,69.4615,62.12356317538061,12.420449076387909,15.686739372267374,5.887868484628978,3.0985714285714283,209999.5399999997,50294.608,62747.71799999999,84456.61649999999
2026-02-09,65.0,65.5,64.66,65.26,64.18,1.08,1.6828,35638.33,232045.892,64.68800000000002,66.31200000000001,68.86949999999999,64.79050000000001,44.64762726294009,-0.8961639330628515,-0.014748462889662695,-0.8814154701731888,75.48784603284885,68.86949999999999,62.25115396715112,16.651859017286142,16.008445920606963,17.9386852106445,2.9278571428571416,245637.8699999997,44323.366,55617.944,76979.54000000001
2026-02-10,65.41,66.1,65.0,65.04,65.26,-0.22,-0.3371,35450.72,231654.297,64.588,65.701,68.4915,64.90766666666667,44.166779623801446,-0.9487571404481088,-0.2015501984013519,-0.7472069420467569,75.07621363722149,68.4915,61.906786362778526,20.22160971522783,17.412833852147255,25.83916144138899,2.7749999999999977,210187.1499999997,41392.676,51739.088,70177.193
2026-02-11,64.51,65.29,64.2,64.28,65.04,-0.76,-1.1685,29742.2,192268.316,64.608,65.159,68.159,65.0115,42.465329595772175,-1.0397773782519693,-0.3691956343714754,-0.6705817438804939,74.89510820015612,68.159,61.42289179984389,21.67890512180502,18.834857608699842,27.36700014801538,2.6885714285714264,180444.9499999997,36867.484000000004,48886.731,64256.594999999994
2026-02-12,64.3,66.54,64.01,66.08,64.28,1.8,2.8002,55375.94,363430.623,64.968,65.035,67.934,65.14899999999999,47.612782611314024,-0.9556504719358685,-0.48648660188435405,-0.46916387005151444,74.63011796412471,67.934,61.23788203587529,38.284749099413936,25.318154772271207,64.21793775369939,2.594999999999999,235820.8899999997,38459.862,47466.954,62092.527
2026-02-13,65.8,66.28,65.02,65.03,66.08,-1.05,-1.589,29906.34,196494.635,65.138,64.80199999999999,67.52250000000001,65.292,45.07917034192309,-0.9626091581903751,-0.5817111131455583,-0.3808980450448167,73.84140688414747,67.52250000000001,61.20359311585254,44.351216018245196,31.662508520929205,69.72863101287717,2.2628571428571425,205914.5499999997,37222.706,43758.657,58729.988
2026-02-24,66.15,67.19,64.88,66.13,65.03,1.1,1.6915,38586.57,254961.324,65.31200000000001,65.0,67.2035,65.46066666666667,48.1896082458758,-0.8693419276696517,-0.6392372760503771,-0.23010465161927462,73.09174797461233,67.2035,61.31525202538768,54.324758898894835,39.21659198025108,84.54109273618235,2.1485714285714286,244501.1199999997,37812.35400000001,41067.86,57944.181500000006
2026-02-25,66.3,67.65,65.5,67.17,66.13,1.04,1.5727,47719.93,318588.555,65.738,65.16300000000001,67.067,65.6795,51.014349443381846,-0.7033993176871007,-0.6520696843777218,-0.0513296333093789,72.8169989931349,67.067,61.317001006865084,66.05638948427048,48.16319114825755,101.84278615629634,2.1028571428571428,292221.0499999997,40266.195999999996,40829.436,56267.877
2026-02-26,66.48,67.3,65.06,67.01,67.17,-0.16,-0.2382,62021.56,410172.446,66.28399999999999,65.446,66.86,65.85866666666666,50.55766093092366,-0.5781348874422321,-0.6372827249906239,0.05914783754839181,72.27969507784726,66.86,61.44030492215273,72.71299328063448,56.34645852571653,105.44606279047039,2.0335714285714284,230199.4899999997,46722.068,41794.776,56020.44500000001
2026-02-27,66.08,67.0,65.66,66.54,67.01,-0.47,-0.7014,39374.32,261431.482,66.376,65.672,66.66,66.0125,49.16530885966928,-0.5108976855416358,-0.6120057171008263,0.10110803155919046,71.79567911770194,66.66,61.524320882298056,71.6438270222545,61.445581357895854,92.04031835097179,1.8985714285714295,190825.1699999997,43521.744,40990.803,55074.72150000001
2026-03-02,65.7,66.48,63.02,63.25,66.54,-3.29,-4.9444,81821.92,527377.222,66.02000000000001,65.579,66.13750000000002,66.112,40.71295870278159,-0.7148469127073724,-0.6325739562221355,-0.08227295648523691,70.28957177201934,66.13750000000002,61.98542822798069,49.4184188787672,57.436527198186305,33.382202239928986,1.8957142857142866,109003.2499999997,53904.86,45563.783,54155.7505
2026-03-03,63.34,63.86,59.51,59.69,63.25,-3.56,-5.6285,79973.34,488668.075,64.732,65.022,65.667,66.09333333333333,33.91798818785084,-1.1504783936753142,-0.7361548437127713,-0.41432354996254295,70.48484009260315,65.667,60.84915990739685,33.68271332294554,49.51858923977272,2.0109614892911623,2.076428571428573,29029.909999999698,62182.214,49997.284,52807.614
2026-03-04,58.98,60.44,58.5,58.9,59.69,-0.79,-1.3235,62066.46,369157.573,63.07800000000001,64.408,65.0545,66.075,32.61703644446041,-1.5416941876681278,-0.8972627125038426,-0.6444314751642852,70.04883141829704,65.0545,60.06016858170296,23.912337115114873,40.98317186488678,-10.229332384428929,2.0507142857142866,-33036.5500000003,65051.52,52658.85799999999,52198.973
2026-03-05,60.17,61.53,59.39,59.91,58.9,1.01,1.7148,50455.45,304261.51,61.658,63.971000000000004,64.56500000000001,66.06216666666667,35.99698804112323,-1.7500633232731246,-1.067822834657699,-0.6822404886154256,69.56129125610076,64.56500000000001,59.56870874389926,21.078170098601156,34.34817127612491,-5.46183225644635,2.1085714285714294,17418.899999999696,62738.297999999995,54730.183,51808.457
2026-03-06,59.57,65.87,59.31,64.52,59.91,4.61,7.6949,110101.32,705803.669,61.254,63.815,64.42500000000001,66.13183333333333,48.65633900964165,-1.525622465718378,-1.1593827608698348,-0.36623970484854307,69.25023847242693,64.42500000000001,59.5997615275731,35.98289664132606,34.89307973119196,38.16253046159426,2.4535714285714296,127520.21999999971,76883.698,60202.721,53834.8375
2026-03-09,64.05,65.8,63.06,65.7,64.52,1.18,1.8289,74104.1,477821.665,61.74399999999999,63.882000000000005,64.342,66.24333333333334,51.31099177111043,-1.2382614238652891,-1.1751584934689256,-0.0631029303963635,69.00918713889565,64.342,59.67481286110434,50.218105957605346,40.00142180666309,70.65147425948985,2.555000000000001,201624.31999999972,75340.134,64622.496999999996,54190.577000000005
2026-03-10,66.27,67.43,65.42,67.13,65.7,1.43,2.1766,69109.2,461272.239,63.23199999999999,63.982000000000006,64.49100000000001,66.37433333333334,54.38873059095438,-0.8849356910873496,-1.1171139329926105,0.23217824190526093,69.3198514489254,64.49100000000001,59.66214855107463,65.69224980973611,48.56503114102077,99.94668714716681,2.620000000000002,270733.5199999997,73167.306,67674.76,54371.31
2026-03-11,66.84,67.96,65.98,66.05,67.13,-1.08,-1.6088,48201.95,321931.33,64.662,63.86999999999999,64.5165,66.44966666666667,51.72917665931075,-0.6841826447104609,-1.0305276753361805,0.34634503062571964,69.37397725297373,64.5165,59.65902274702626,70.39807492601155,55.84271240268437,99.50879997266591,2.6835714285714296,222531.56999999972,70394.40400000001,67722.962,54276.199
2026-03-12,65.82,66.2,63.64,64.09,66.05,-1.96,-2.9674,42547.78,274588.759,65.498,63.577999999999996,64.51200000000001,66.488,47.21672332760659,-0.6754538175523948,-0.9595129037794234,0.2840590862270287,69.37095635317964,64.51200000000001,59.65304364682039,66.62901964764409,59.43814815100428,81.01076264092369,2.685714285714287,179983.78999999972,68812.87,65775.584,53785.18000000001
2026-03-13,63.6,63.98,61.82,62.01,64.09,-2.08,-3.2454,40880.65,255814.374,64.99600000000001,63.125,64.3985,66.50483333333334,42.9362372721916,-0.8268434393795161,-0.932979010899442,0.10613557151992592,69.3846588422351,64.3985,59.41234115776489,56.78721112520881,58.55450247573913,53.252628424148185,2.757857142857144,139103.13999999972,54968.736,65926.217,53458.509999999995
2026-03-16,62.25,62.25,60.61,62.03,62.01,0.02,0.0323,31178.96,191645.02,64.262,63.003,64.29100000000001,66.54666666666667,42.98975547107615,-0.934435383097302,-0.933270285339014,-0.0011650977582879918,69.38845819011783,64.29100000000001,59.193541809882184,50.29647760708073,55.80182751951966,39.28577778220287,2.710000000000001,170282.09999999971,46383.708,60861.920999999995,53212.852
2026-03-17,62.43,63.26,60.1,60.36,62.03,-1.67,-2.6922,32326.76,198137.977,62.908,63.06999999999999,64.046,66.57433333333333,39.646162529037575,-1.1413016024420344,-0.974876548759618,-0.16642505368241634,69.41134062292407,64.046,58.68065937707594,37.57722784595362,49.72696096166432,13.277761614532238,2.7821428571428575,137955.3399999997,39027.219999999994,56097.263,53047.273499999996
2026-03-18,60.86,61.69,60.29,61.45,60.36,1.09,1.8058,26516.86,161739.114,61.988,63.325,63.866499999999995,66.49383333333334,42.77463068888667,-1.2034184226985332,-1.0205849235474012,-0.182833499151132,69.33111256872935,63.866499999999995,58.40188743127063,33.29811336165696,44.250678428328534,11.39298322831381,2.7221428571428574,164472.19999999972,34690.202000000005,52542.303,52600.580500000004
2026-03-19,60.5,60.98,59.68,60.03,61.45,-1.42,-2.3108,34646.18,208564.74,61.176,63.337,63.653999999999996,66.4235,39.87480462982235,-1.351647630333133,-1.0867974649045475,-0.2648501654285855,69.37541094118346,63.653999999999996,57.93258905881653,23.60775995447019,37.36970560370909,-3.916131344007624,2.7521428571428572,129826.01999999973,33109.882,50961.376000000004,52845.77949999999
2026-03-20,60.31,60.72,59.0,59.0,60.03,-1.03,-1.7158,33759.52,201768.377,60.574,62.785000000000004,63.3,66.35416666666667,37.869375203140315,-1.5345434752852185,-1.1763466669806817,-0.3581968083045368,69.26051922853061,63.3,57.33948077146938,15.738506636313462,30.159305947910553,-13.10309198688072,2.623571428571428,96066.49999999974,31685.656,43327.196,51764.9585
2026-03-23,58.03,58.87,55.54,56.1,59.0,-2.9,-4.9153,47298.15,269410.813,59.388,61.825,62.8535,66.24216666666668,32.858615940976904,-1.8916892971105312,-1.3194151930066518,-0.5722741041038795,69.55961433496947,62.8535,56.14738566503053,11.995289985132224,24.104633960317777,-12.223397965238881,2.5599999999999996,48768.34999999974,34909.494,40646.601,52634.549
2026-03-24,57.16,57.28,55.74,57.12,56.1,1.02,1.8182,31217.78,176182.386,58.739999999999995,60.824,62.403,66.14233333333333,36.0630698942479,-2.068579165525115,-1.4692479875103446,-0.5993311780147705,69.38712364995733,62.403,55.41887635004266,12.93744785750528,20.382238592713612,-1.952133612911382,2.531428571428571,79986.12999999974,34687.698,36857.458999999995,52266.1095
2026-03-25,57.75,59.12,57.32,58.91,57.12,1.79,3.1338,35656.31,208800.125,58.232000000000006,60.11,61.99000000000001,66.08483333333332,41.35296822239182,-2.040802519234255,-1.5835588938551266,-0.4572436253791283,68.76084772738001,61.99000000000001,55.21915227262001,21.934601889205723,20.89969302487765,24.00441961786187,2.486428571428571,115642.43999999974,36515.588,35602.895000000004,51662.9285
2026-03-26,58.44,58.9,56.59,56.7,58.91,-2.21,-3.7515,32122.7,184820.394,57.565999999999995,59.371,61.4745,65.97316666666667,37.25469861479993,-2.1720794770492873,-1.701263010493959,-0.4708164665553283,68.20588282501006,61.4745,54.74311717498993,19.63170350472093,20.477029851492077,17.94105081117864,2.1835714285714274,83519.73999999974,36010.89200000001,34560.387,50167.985499999995
2026-03-27,55.76,57.66,55.75,57.36,56.7,0.66,1.164,21381.53,121783.845,57.238,58.906000000000006,61.015499999999996,65.89383333333333,39.19283761231221,-2.19752917930267,-1.8005162442557012,-0.39701293504696866,67.54133360273035,61.015499999999996,54.48966639726965,20.946178847706875,20.633412850230343,21.57171084265994,2.1242857142857132,104901.26999999974,33535.294,32610.475,49268.346000000005
2026-03-30,56.83,57.41,55.78,57.32,57.36,-0.04,-0.0697,21228.69,120390.53,57.48199999999999,58.435,60.718999999999994,65.791,39.11398129822375,-2.1956162203353458,-1.8795362394716302,-0.3160799808637156,67.35528589847618,60.718999999999994,54.082714101523806,23.611815708769363,21.626213803076684,27.583019520154714,2.0971428571428556,83672.57999999974,28321.402000000002,31615.447999999997,46238.684499999996
2026-03-31,57.03,59.22,57.03,57.52,57.32,0.2,0.3489,28868.07,168303.993,57.562,58.150999999999996,60.6105,65.64433333333334,39.76654398197091,-2.1531417798870436,-1.934257347554713,-0.21888443233233068,67.38709586953107,60.6105,53.83390413046894,27.87356341368941,23.708663673280927,36.20336289450638,2.112142857142856,112540.64999999973,27851.46,31269.578999999998,43683.421
2026-04-01,58.9,59.0,57.8,58.52,57.52,1.0,1.7385,24481.01,142948.357,57.484,57.85799999999999,60.591499999999996,65.48216666666666,43.05301696983151,-2.0155547763462067,-1.9505168333130118,-0.06503794303319488,67.39038311261088,60.591499999999996,53.792616887389116,37.758694785445485,28.39200737733578,56.492069601664895,2.034999999999999,137021.65999999974,25616.4,31065.994,41804.1485
2026-04-02,58.26,58.41,56.8,57.31,58.52,-1.21,-2.0677,21832.67,125587.428,57.605999999999995,57.586,60.4615,65.3175,40.19518696627494,-1.981313622274655,-1.9566761911053405,-0.024637431169314494,67.41296565386322,60.4615,53.51003434613677,41.205071885949195,32.66302888020692,58.28915789743374,1.9957142857142844,115188.98999999974,23558.394,29784.643,40373.0095
2026-04-03,57.28,60.5,56.8,60.32,57.31,3.01,5.2521,61296.35,364235.368,58.198,57.718,60.2515,65.20933333333333,49.22446661710294,-1.6917934745288505,-1.9036996477900427,0.2119061732611922,66.9353415521865,60.2515,53.5676584478135,59.542877055618796,41.62297827201088,95.38267462283463,2.142857142857142,176485.33999999973,31541.357999999997,32538.326,37932.761
2026-04-07,60.32,60.99,59.0,59.33,60.32,-0.99,-1.6412,49138.28,293582.954,58.6,58.041,59.93300000000001,65.09633333333333,46.72569743074739,-1.5246561112006205,-1.8278909404721584,0.3032348292715379,66.11164607890912,59.93300000000001,53.754353921090896,62.46878826608682,48.57158160336953,90.2632015915214,2.0592857142857137,127347.05999999974,37123.276,32722.338999999996,36684.469999999994
2026-04-08,60.96,61.79,60.6,61.76,59.33,2.43,4.0957,47931.06,294105.338,59.448,58.504999999999995,59.6645,64.97716666666666,53.028520615593656,-1.1824868822545582,-1.6988101288286386,0.5163232465740804,64.92475204519185,59.6645,54.40424795480814,74.81362926348393,57.31893082340767,109.80302614363646,2.1349999999999993,175278.11999999973,40935.873999999996,34393.667,35625.563
2026-04-09,61.15,63.42,60.86,62.65,61.76,0.89,1.4411,50998.62,318618.625,60.274,58.879,59.4945,64.878,55.12269358476826,-0.8299327925417828,-1.5250346615712675,0.6951018690294848,64.05968391858686,59.4945,54.92931608141315,79.86271503267463,64.83352555983,109.9210939783639,2.191428571428571,226276.73999999973,46239.396,35927.898,35765.3965
2026-04-10,62.99,63.38,61.91,62.09,62.65,-0.56,-0.8939,45259.9,283862.166,61.23,59.41799999999999,59.39450000000001,64.75733333333334,53.50623201849892,-0.5889296419971046,-1.337813657656435,0.7488840156593304,63.61006751501882,59.39450000000001,55.178932484981196,80.7723510339995,70.14646738455318,102.02411833289216,2.1735714285714285,181016.83999999973,50924.842,37241.618,35901.0025
2026-04-13,61.36,62.8,61.21,61.4,62.09,-0.69,-1.1113,38741.46,239627.528,61.446000000000005,59.82199999999999,59.364,64.58816666666667,51.50219189891991,-0.4484407959350776,-1.1599390853121636,0.711498289377086,63.50811135798328,59.364,55.21988864201671,77.01036896727862,72.43443457879499,86.16223774424589,2.0399999999999996,142275.37999999974,46413.863999999994,38977.611,35794.043
2026-04-14,61.8,62.41,61.08,62.05,61.4,0.65,1.0586,50378.1,311029.661,61.989999999999995,60.295,59.364999999999995,64.3725,53.27751311513878,-0.2814088989242549,-0.9842330480345819,0.702824149110327,63.511828845477204,59.364999999999995,55.218171154522786,77.77529129540628,74.21472015099876,84.89643358422131,2.0249999999999995,192653.47999999975,46661.827999999994,41892.552,36754.0
2026-04-15,62.38,62.87,61.12,61.27,62.05,-0.78,-1.2571,37720.18,234015.14,61.891999999999996,60.67,59.4105,64.10866666666666,50.87098516476911,-0.2095587357514006,-0.8292981855779457,0.619739449826545,63.622750180004154,59.4105,55.198249819995844,74.35774706702817,74.26239578967524,74.54844962173402,2.0071428571428567,154933.29999999976,44619.652,42777.763,37023.671
2026-04-16,61.26,61.87,60.91,61.77,61.27,0.5,0.8161,39299.32,241297.202,61.715999999999994,60.995000000000005,59.4265,63.92816666666668,52.356611841452214,-0.11099169923988228,-0.6856368883103331,0.5746451890704508,63.67365520889203,59.4265,55.179344791107965,74.59700761165425,74.37393306366825,75.04315670762625,1.9100000000000001,194232.61999999976,42279.792,44259.594,37662.794
2026-04-17,61.58,64.86,61.05,63.98,61.77,2.21,3.5778,76296.19,479041.385,62.093999999999994,61.662,59.624,63.81233333333333,58.35146218025666,0.1437943458815596,-0.5197506414719546,0.6635449873535142,64.33171103168965,59.624,54.91628896831035,78.05898345896404,75.60228319543351,82.97238398602508,2.0457142857142863,270528.80999999976,48487.05,49705.946,39745.294499999996
2026-04-20,64.23,64.38,62.88,63.03,63.98,-0.95,-1.4848,59695.2,379196.43,62.42,61.93299999999999,59.8255,63.6865,55.13961096270988,0.26599088441395935,-0.36260233629477184,0.6285932207087312,64.76026379213923,59.8255,54.89073620786077,71.05340681301828,74.08599106796177,64.98823830313131,2.036428571428572,210833.60999999975,52677.797999999995,49545.831,41042.078499999996
2026-04-21,63.15,63.38,61.38,62.11,63.03,-0.92,-1.4596,48220.79,299303.327,62.432,62.211,60.12600000000001,63.50066666666667,52.14614196802244,0.28530736463832795,-0.23302039610815192,0.5183277607464799,64.83221269119181,60.12600000000001,55.41978730880822,57.785604542012194,68.65252889264525,36.05175584074607,2.0228571428571436,162612.81999999975,52246.335999999996,49454.082,41088.2105
2026-04-22,61.93,63.37,61.51,63.27,62.11,1.16,1.8677,73928.26,461273.856,62.831999999999994,62.362,60.4335,63.34666666666667,55.431579082745785,0.3897256056729361,-0.10847119575193431,0.49819680142487044,65.1163388825581,60.4335,55.7506611174419,58.4393481756875,65.248135320326,44.82177388641051,2.0500000000000007,236541.07999999973,59487.952000000005,52053.802,43223.7345
2026-04-23,63.0,64.01,61.42,62.04,63.27,-1.23,-1.944,69233.3,434242.057,62.886,62.30100000000001,60.589999999999996,63.21566666666667,51.401756144091735,0.36897379331346514,-0.012982197938854426,0.38195599125231955,65.26766473450364,60.589999999999996,55.912335265496345,48.495430429361306,59.66390035667111,26.158490574741705,2.1121428571428575,167307.77999999974,65474.748,53877.270000000004,44902.583999999995
2026-04-24,56.4,56.87,53.68,53.7,62.04,-8.34,-13.4429,183602.08,1007142.459,60.83,61.462,60.44000000000001,62.92483333333333,33.57719758528809,-0.31678872398599367,-0.07374350314828228,-0.2430452208377114,65.78735743886132,60.44000000000001,55.0926425611387,32.38991724509599,50.57257265281274,-3.9753935703375163,2.4450000000000003,-16294.30000000025,86935.926,67711.488,52476.553
2026-04-27,53.23,54.25,52.62,53.36,53.7,-0.34,-0.6331,83525.44,446580.2,58.896,60.658,60.239999999999995,62.6385,33.073672858887946,-0.8775794287193435,-0.23451068826249452,-0.6430687404568489,66.32124987153117,60.239999999999995,54.158750128468824,23.60852870805964,41.58455800456171,-12.343529884944488,2.4192857142857145,-99819.74000000025,91701.974,72189.88600000001,55583.7485
2026-04-28,53.32,53.32,50.82,51.17,53.36,-2.19,-4.1042,77297.6,399989.609,56.708000000000006,59.56999999999999,59.932500000000005,62.263000000000005,29.95743328915532,-1.481645315006503,-0.4839376136112963,-0.9977077013952067,67.15104300796862,59.932500000000005,52.71395699203139,16.56997830299893,33.24636477070745,-16.782794632418117,2.4250000000000003,-177117.34000000026,97517.33600000001,74881.836,58387.194
2026-04-29,50.82,51.7,50.8,51.21,51.17,0.04,0.0782,40826.34,209964.804,54.29600000000001,58.564,59.617000000000004,61.96483333333334,30.087004012950757,-1.934840578450796,-0.7741182065791963,-1.1607223718715998,67.77054001258594,59.617000000000004,51.46345998741407,12.01867685823448,26.170468799883132,-16.28490702506282,2.306428571428572,-136291.00000000026,90896.952,75192.452,58985.1075
2026-04-30,50.96,51.57,49.9,50.75,51.06,-0.31,-0.6071,60490.7,305353.806,52.038,57.462,59.22850000000001,61.624833333333335,29.413145335963563,-2.304553783958987,-1.0802053220551544,-1.2243484619038325,68.2918170992801,59.22850000000001,50.16518290071992,9.969173154108443,20.770036917958237,-11.632554373591145,2.3207142857142857,-196781.70000000024,89148.432,77311.59,60785.59199999999
2026-05-06,51.61,54.25,51.6,52.65,50.75,1.9,3.7438,83312.95,442697.833,51.827999999999996,56.32899999999999,58.99550000000001,61.34066666666667,35.80827534424914,-2.416385454554188,-1.3474413485549612,-1.0689441059992268,68.49555977820515,58.99550000000001,49.49544022179486,13.142689969500122,18.227587935138864,2.972894038222634,2.4571428571428577,-113468.75000000025,69090.606,78013.266,63859.60600000001
2026-05-07,53.09,55.09,52.86,55.05,52.65,2.4,4.5584,74238.59,401923.191,52.166,55.531000000000006,58.73199999999999,61.13616666666667,42.8515168387644,-2.2850127126609223,-1.5349556213761535,-0.7500570912847688,68.36873803732348,58.73199999999999,49.0952619626765,20.928105621055828,19.127760497111186,24.52879586894511,2.5364285714285724,-39230.16000000025,67233.236,79467.60500000001,64506.71799999999
2026-05-08,55.05,55.68,54.35,55.05,55.05,0.0,0.0,51170.51,281881.786,52.94199999999999,54.825,58.51800000000001,60.931000000000004,42.851516838764404,-2.156045319865221,-1.6591735610739673,-0.4968717587912539,68.28799186553546,58.51800000000001,48.748008134464555,26.118382722092964,21.457967905438444,35.439212355402006,2.506428571428572,-39230.16000000025,62007.81799999999,79762.577,64608.32949999999
2026-05-11,55.61,56.31,54.59,54.8,55.05,-0.25,-0.4541,61934.37,341926.2,53.660000000000004,53.977999999999994,58.17,60.775166666666664,42.290935086317354,-2.050375193659299,-1.7374138875910339,-0.3129613060682652,67.94958561171379,58.17,48.39041438828622,40.84601889746417,27.92065156944702,66.69675355349847,2.5607142857142864,-101164.53000000026,66229.424,78563.188,65308.49500000001
2026-05-12,55.36,55.36,53.6,54.05,54.8,-0.75,-1.3686,57866.36,314427.272,54.32000000000001,53.178999999999995,57.739999999999995,60.583666666666666,40.57599908477441,-2.0040481694961443,-1.790740743972056,-0.21330742552408832,67.44618251154208,57.739999999999995,48.033817488457906,48.81154249950548,34.88428187946651,76.6660637395834,2.4142857142857146,-159030.89000000025,65704.55600000001,77426.49399999999,65651.882
2026-05-13,53.84,55.48,53.21,55.13,54.05,1.08,1.9981,63327.73,346353.499,54.815999999999995,53.322,57.391999999999996,60.432833333333335,44.09179269135403,-1.8587600660122376,-1.8043446083800925,-0.05441545763214517,66.93927759487913,57.391999999999996,47.84472240512086,59.738116216519,43.16889332515068,92.87656199925564,2.4692857142857148,-95703.16000000024,61707.512,65399.058999999994,66555.2735
2026-05-14,55.2,55.77,54.2,54.8,55.13,-0.33,-0.5986,60618.33,333062.214,54.766,53.465999999999994,57.062,60.274833333333326,43.249776926310005,-1.7500726907355286,-1.79349022485118,0.0434175341156513,66.48136772936748,57.062,47.64263227063252,65.30643005178229,50.548072234027885,94.82314568729109,2.438571428571429,-156321.49000000022,58983.46,63108.348,67649.117
2026-05-15,54.91,55.76,53.55,53.84,54.8,-0.96,-1.7518,67719.03,369338.349,54.524,53.73299999999999,56.6515,60.1025,40.80829829426274,-1.7215561124904113,-1.7791034023790262,0.057547289888614905,65.86901484945896,56.6515,47.43398515054103,64.02643958730366,55.040861351786475,81.99759605833802,2.4635714285714294,-224040.52000000022,62293.164000000004,62150.490999999995,68516.1635
2026-05-18,53.8,54.14,52.53,52.98,53.84,-0.86,-1.5973,62226.79,331064.318,54.160000000000004,53.910000000000004,56.237,59.89783333333333,38.700645050618405,-1.74819917953495,-1.7729225578102112,0.024723378275261165,65.32470621281976,56.237,47.14929378718025,52.45074741064402,54.17749003807233,48.997262155787396,2.393571428571429,-286267.31000000023,62351.648,64290.536,69741.494
2026-05-19,52.85,54.18,52.11,54.08,52.98,1.1,2.0763,57494.94,306295.27,54.166,54.242999999999995,55.8525,59.71516666666666,42.77199295600923,-1.6614015918401037,-1.75061836461619,0.0892167727760862,64.59883366797627,55.8525,47.10616633202373,50.60208557534996,52.98568855049821,45.834879625053446,1.9442857142857146,-228772.37000000023,62277.364,63990.96000000001,70651.275
2026-05-20,54.2,54.56,52.97,54.1,54.08,0.02,0.037,52618.6,282462.819,53.96,54.388,55.35850000000001,59.5455,42.84632028074576,-1.572868990747665,-1.7150684898424848,0.14219949909481988,63.24588439735094,55.35850000000001,47.47111560264907,49.528374510550776,51.8332505371824,44.918622457287526,1.941428571428572,-176153.77000000022,60135.538,60921.525,69467.39550000001
2026-05-21,54.8,55.37,51.13,51.17,54.1,-2.93,-5.4159,76880.5,409613.911,53.234,54.0,54.765499999999996,59.297,35.55978162909062,-1.7193136025328215,-1.7159175123805523,-0.00339609015226916,61.978939138893594,54.765499999999996,47.5520608611064,33.27631659776744,45.64760589071075,8.533738011880814,2.062857142857143,-253034.27000000022,63387.971999999994,61185.716,70326.66050000001
2026-05-22,51.61,53.13,51.02,52.71,51.17,1.54,3.0096,61036.64,318253.686,53.008,53.766,54.29549999999999,59.09166666666667,41.21812099737908,-1.6916070892302244,-1.711055427750487,0.01944833852026262,60.67021146921842,54.29549999999999,47.92078853078156,34.043860187985295,41.77969065646894,18.572199251018006,2.149285714285714,-191997.63000000024,62051.49399999999,62172.329000000005,70967.45300000001
2026-05-25,52.75,57.57,52.75,57.0,52.71,4.29,8.1389,112600.11,625433.262,53.812,53.986000000000004,53.982000000000006,58.939499999999995,53.47410038772822,-1.3083999111244182,-1.6305243244252734,0.3221244133008552,58.96264717840813,53.982000000000006,49.00135282159188,53.12847676654491,45.56261935982759,68.26019157997953,2.377142857142857,-79397.52000000024,72126.158,67238.903,72901.04550000001
2026-05-26,56.88,57.26,53.84,54.64,57.0,-2.36,-4.1404,83190.16,457688.97,53.924,54.044999999999995,53.612,58.730666666666664,47.59506739072542,-1.1815179349888183,-1.5407230465379824,0.3592051115491641,56.87571180358152,53.612,50.34828819641849,53.841376368536295,48.32220502939717,64.87971904681456,2.3714285714285706,-162587.68000000023,77265.202,69771.28300000001,73598.8885
2026-05-27,54.66,56.0,52.12,52.27,54.64,-2.37,-4.3375,75999.48,410196.612,53.55800000000001,53.759,53.540499999999994,58.485,42.53735719114569,-1.2577042165351386,-1.484119280537414,0.2264150640022753,56.858301903923646,53.540499999999994,50.22269809607634,42.255574067573825,46.299994708789384,34.1667327851427,2.4742857142857133,-238587.1600000002,81941.378,71038.45800000001,68218.7585
2026-05-28,52.02,52.88,51.39,52.7,52.27,0.43,0.8227,57090.68,297910.614,53.864,53.549,53.50750000000001,58.254333333333335,43.70620328162282,-1.2687595172733026,-1.4410473278845917,0.17228781061128906,56.84592619712934,53.50750000000001,50.16907380287068,36.72000103232658,43.10666348330179,23.94667613037616,2.485714285714285,-181496.4800000002,77983.414,70685.693,66897.0205
2026-05-29,52.94,54.07,48.22,48.7,52.7,-4.0,-7.5901,101706.86,513950.312,53.062,53.035000000000004,53.384,58.011833333333335,36.30766010341456,-1.5820505988513744,-1.4692479820779483,-0.11280261677342618,57.230591929706,53.384,49.537408070294,26.1912306347418,37.468185867115125,3.6373201699951494,2.7807142857142852,-283203.3400000002,86117.45800000001,74084.476,68117.4835
2026-06-01,48.7,49.14,46.8,46.8,48.7,-1.9,-3.9014,63003.5,301534.494,51.022000000000006,52.416999999999994,53.1635,57.797000000000004,33.41423069632779,-1.961044459360103,-1.5676072775343792,-0.39343718182572385,57.93032957640834,53.1635,48.39667042359166,17.460820423161202,30.79906405246382,-9.215666835444033,2.822142857142857,-346206.8400000002,76198.13600000001,74162.147,69226.34150000001
2026-06-02,46.82,47.18,45.16,46.15,46.8,-0.65,-1.3889,50745.53,233006.973,49.324,51.624,52.9335,57.584500000000006,32.46116429026334,-2.287480737999587,-1.711581969627421,-0.5758987683721661,58.55748725385948,52.9335,47.30951274614053,14.299692798895009,25.29927363460755,-7.699468872530076,2.8042857142857147,-396952.3700000002,69709.20999999999,73487.20599999999,68739.08300000001
2026-06-03,44.0,47.07,43.21,45.12,46.15,-1.03,-2.2319,86124.24,389060.687,47.894000000000005,50.726,52.557,57.338,30.95447504049801,-2.5993327427684108,-1.8891321242556192,-0.7102006185127916,59.18031162199848,52.557,45.93368837800153,13.966740417462033,21.521762562225714,-1.1433038720653315,2.967857142857143,-483076.6100000002,71734.162,76837.76999999999,68879.64749999999
2026-06-04,44.91,47.5,44.41,45.94,45.12,0.82,1.8174,59944.89,275441.84,46.541999999999994,50.203,52.1015,57.028333333333336,33.59693861896778,-2.748626105561442,-2.061030920516784,-0.6875951850446582,59.236207680361204,52.1015,44.9667923196388,15.64820763206846,19.563910918839966,7.816801058525449,3.030714285714286,-423131.7200000002,72305.004,75144.209,68164.9625
2026-06-05,45.56,48.47,44.2,47.55,45.94,1.61,3.5046,85455.05,399051.704,46.312,49.687,51.7265,56.72583333333333,38.56816636229897,-2.7058374170880484,-2.189992219831037,-0.5158451972570113,58.99581916018454,51.7265,44.457180839815464,20.728698326479797,19.952173388053247,22.281748203332896,3.220714285714286,-337676.6700000002,69054.642,77586.05,69879.18950000001
2026-06-08,46.5,48.39,46.0,46.4,47.55,-1.15,-2.4185,71727.55,337800.606,46.232,48.626999999999995,51.30650000000001,56.38033333333333,36.468043652698306,-2.733215653559462,-2.2986369065767223,-0.4345787469827398,58.79545966353803,51.30650000000001,43.81754033646198,22.132919030267217,20.679088602124573,25.040579886552507,3.2435714285714288,-409404.2200000002,70799.452,73498.794,70368.8485
2026-06-09,46.8,48.1,46.06,47.2,46.4,0.8,1.7241,58781.47,275440.61,46.44199999999999,47.882999999999996,50.964,56.06616666666667,38.95816267851108,-2.6597004182756905,-2.370849608916516,-0.2888508093591744,58.55057928602556,50.964,43.37742071397444,27.002056517415724,22.786744573888292,35.43268040447059,3.275714285714286,-350622.75000000023,72406.63999999998,71057.925,70414.604
2026-06-10,46.52,49.5,46.52,48.15,47.2,0.95,2.0127,67078.97,322782.767,47.047999999999995,47.471000000000004,50.614999999999995,55.80049999999999,41.871784428936024,-2.496009559654219,-2.3958815990640567,-0.10012796059016216,58.03501418639545,50.614999999999995,43.19498581360454,33.164047500253815,26.245845549343468,47.00045140207451,3.185714285714286,-283543.78000000026,68597.586,70165.874,70602.166
2026-06-11,47.71,52.82,47.6,50.27,48.15,2.12,4.4029,104057.24,528340.748,47.914,47.227999999999994,50.3885,55.60483333333333,47.853523702412886,-2.1702003734447572,-2.350745353940197,0.18054498049543977,57.542411774980486,50.3885,43.234588225019515,46.597745159725235,33.02981208613739,73.73361130690093,3.407857142857143,-179486.54000000027,77420.05600000001,74862.53,72774.1115
2026-06-12,51.33,53.3,51.16,51.75,50.27,1.48,2.9441,93213.86,486086.64,48.754000000000005,47.533,50.284,55.433499999999995,51.59818605200605,-1.772142459765611,-2.2350247751052796,0.4628823153396686,57.28505375527173,50.284,43.282946244728265,59.27791533938736,41.77917983722072,94.27538634372065,3.2771428571428567,-86272.68000000027,78971.818,74013.23,74048.853
2026-06-15,52.02,54.89,51.51,54.7,51.75,2.95,5.7005,99999.42,534685.317,50.414,48.32299999999999,50.37,55.339166666666664,58.06266479776141,-1.2047507329826175,-2.0289699666807475,0.82421923369813,57.55045299846408,50.37,43.189547001535914,72.30970611666922,51.95602193037022,113.01707448926722,3.2742857142857145,13726.739999999729,84626.19200000001,77712.82200000001,75937.48449999999
2026-06-16,54.9,57.18,54.11,57.1,54.7,2.4,4.3876,104863.14,580529.936,52.394000000000005,49.418,50.521,55.266666666666666,62.455927405210296,-0.5550307107682215,-1.7341821154982424,1.179151404730021,58.14337122934122,50.521,42.89862877065878,81.3343598045386,61.748801221759685,120.50547697009641,3.2164285714285716,118589.87999999973,93842.526,83124.58300000001,78305.89450000001
2026-06-17,56.33,62.26,56.22,60.76,57.1,3.66,6.4098,140415.25,840244.083,54.916,50.982,50.854,55.278833333333324,67.96702535764875,0.2523001409469643,-1.3368856642092013,1.5891858051561656,59.629416379384686,50.854,42.07858362061531,84.78769058951522,69.42843101101154,115.50620974652259,3.5414285714285714,259005.1299999997,108509.782,88553.68400000001,82695.727
2026-06-18,60.6,62.0,59.8,60.5,60.76,-0.26,-0.4279,97824.52,596878.033,56.962,52.438,51.320499999999996,55.30383333333332,67.21224240947696,0.8612083564965047,-0.8972668600680602,1.758475216564565,61.10104669659139,51.320499999999996,41.5399533034086,86.25042431264936,75.03576211155749,108.67974871483312,3.2807142857142857,161180.6099999997,107263.23800000001,92341.64700000001,83742.928
2026-06-22,60.0,62.2,58.75,60.52,60.5,0.02,0.0331,126847.94,766237.147,58.715999999999994,53.735,51.711,55.377500000000005,67.24237784812281,1.3300542990894897,-0.45180262823655026,1.7818569273260398,62.31418700848177,51.711,41.10781299151823,87.25336929485267,79.10829783932256,103.54351220591289,3.36,288028.5499999997,113990.054,96480.936,87033.493
2026-06-23,60.1,60.11,56.19,57.22,60.52,-3.3,-5.4527,103987.6,598788.903,59.220000000000006,54.81699999999999,51.722,55.37916666666667,57.80222575805631,1.418978564094374,-0.07764638977036548,1.4966249538647394,62.34872024464224,51.722,41.095279755357765,80.8288027404058,79.68179947301698,83.12280927518344,3.525,184040.9499999997,114787.68999999999,99706.941,86602.8675
2026-06-24,56.7,58.96,56.4,57.9,57.22,0.68,1.1884,77026.39,444402.088,59.379999999999995,55.887,51.885000000000005,55.36233333333334,59.07714167977944,1.5267228906469725,0.24322746631310216,1.2834954243338703,62.796372145851215,51.885000000000005,40.973627854148795,77.30560473735103,78.88973456112834,74.13734508979644,3.4321428571428574,261067.33999999968,109220.34,101531.43299999999,86294.679
2026-06-25,57.92,62.22,57.19,61.6,57.9,3.7,6.3903,130705.75,787012.315,59.548,57.232000000000006,52.3515,55.443999999999996,65.23237500034493,1.8888961050041786,0.5723611940513175,1.316534910952861,64.09800008345128,52.3515,40.60499991654872,82.88842117625205,80.22263009950291,88.22000332975034,3.5707142857142857,391773.0899999997,107278.43999999999,107894.111,89029.99250000001
2026-06-26,61.6,68.38,61.56,63.66,61.6,2.06,3.3442,180359.03,1194053.599,60.17999999999999,58.571000000000005,52.8995,55.549,68.10847527042264,2.315454650668613,0.9209798853747766,1.3944747652938365,65.69062270287463,52.8995,40.10837729712537,79.26606066956619,79.90377362285734,77.99063476298389,3.7528571428571427,572132.1199999996,123785.34199999999,115524.29,95193.41
2026-06-29,63.03,63.86,58.65,60.21,63.66,-3.45,-5.4194,143562.69,874364.898,60.11800000000001,59.41700000000001,53.475,55.597166666666666,59.26604749984169,2.3480523186316944,1.2063943720261603,1.141657946605534,66.50407275450176,53.475,40.44592724549823,67.09304768767623,75.63353164446364,50.01207977410141,3.954285714285714,428569.42999999964,127128.29199999999,120559.173,97286.2015
2026-06-30,60.3,66.78,59.52,65.0,60.21,4.79,7.9555,141290.12,893093.906,61.674,60.447,54.385000000000005,55.72183333333333,65.8879053392725,2.7289416332052596,1.5109038242619803,1.2180378089432793,67.98107141400531,54.385000000000005,40.788928585994704,68.81948325473195,73.36218218121975,59.734085401756346,4.327142857142857,569859.5499999996,134588.796,124688.24299999999,101200.5325
2026-07-01,64.96,66.09,62.14,63.15,65.0,-1.85,-2.8462,120775.48,776366.321,62.724000000000004,61.052,55.23499999999999,55.799,61.715032409053975,2.8486817898289303,1.7784594173753705,1.0702223724535598,68.78888854671742,55.23499999999999,41.68111145328257,64.91164894039828,70.5453377676126,53.644271285969666,4.396428571428571,449084.0699999996,143338.614,126279.477,104702.03
2026-07-02,61.3,63.28,58.98,59.49,63.15,-3.66,-5.7957,87828.07,539197.748,62.302,60.925,55.9535,55.83533333333333,54.37760861168817,2.6180658807468618,1.9463807100496688,0.6716851706971929,68.75217966052074,55.9535,43.15482033947925,52.29822261872876,64.46296605131798,27.968735753550334,4.330714285714286,361255.9999999996,134763.078,121020.759,104787.2215
2026-07-03,59.7,62.26,58.38,60.0,59.49,0.51,0.8573,89266.41,539891.796,61.57000000000001,60.875,56.656499999999994,55.83,55.17730363826491,2.448232152768078,2.0467509985933505,0.40148115417472763,68.65912475680331,56.656499999999994,44.65387524319669,45.28385746362066,58.06992985541888,19.71171268002422,4.391428571428572,450522.40999999957,116544.554,120164.948,106253.29750000002
