trade_date,open,high,low,close,MA5,MA10,MA20,RSI,PE,PB,MACD_DIF,MACD_DEA,MACD,BB_middle,BB_upper,BB_lower,KDJ_K,KDJ_D,KDJ_J
2025-06-30,65.77,68.33,65.66,67.2,,,,,121.203,12.291,0.0,0.0,0.0,,,,,,
2025-07-01,67.01,68.24,66.5,67.95,,,,,122.5558,12.4282,0.059829059829056064,0.011965811965811214,0.0957264957264897,,,,,,
2025-07-02,67.68,67.97,66.5,66.96,,,,,120.7702,12.2471,0.027047507731268183,0.014982151118902609,0.02413071322473115,,,,,,
2025-07-03,66.86,67.59,65.88,66.06,,,,,119.1469,12.0825,-0.07073914998331077,-0.002162109101540067,-0.1371540817635414,,,,,,
2025-07-04,66.06,67.08,65.17,66.4,66.91,,,,119.7602,12.1447,-0.11942397696785179,-0.02561448267480241,-0.18761898858609877,,,,,,
2025-07-07,70.0,70.21,66.39,66.58,66.79,,,,120.0848,12.1776,-0.14184742857149502,-0.04886107185414093,-0.18597271343470817,,,,,,
2025-07-08,66.21,68.16,65.31,65.65,66.33,,,,118.4074,12.0075,-0.23198719916042876,-0.0854862973153985,-0.2930018036900605,,,,,,
2025-07-09,65.44,66.78,64.55,64.78,65.89,,,,116.8383,11.8484,-0.3693675071812663,-0.14226253928857208,-0.4542099357853885,,,,,,
2025-07-10,64.68,65.39,64.07,65.07,65.7,,,,117.3613,11.9014,-0.449658432186979,-0.20374171786825346,-0.49183342863745105,,,,16.286644951140065,16.286644951140065,16.28664495114007
2025-07-11,64.9,64.95,63.88,63.9,65.2,66.05,,,115.2511,11.6874,-0.6007734482776499,-0.28314806395013276,-0.6352507686550343,,,,10.963081889490935,14.512123930590356,3.8649978072920916
2025-07-14,64.0,64.62,63.0,64.28,64.74,65.76,,,115.9365,11.7569,-0.6820085925278505,-0.3629201696656763,-0.6381768457243484,,,,13.22642814824131,14.083558669807342,11.512167105109242
2025-07-15,64.65,66.88,64.42,66.59,64.92,65.63,,,120.1028,12.1794,-0.5536086788489172,-0.4010578715023245,-0.3051016146931853,,,,25.414937304560347,17.860684881391677,40.523442150897694
2025-07-16,66.33,67.12,65.51,66.0,65.17,65.53,,,119.0387,12.0715,-0.4937670521335207,-0.4195997076285638,-0.14833468900991376,,,,30.812917056484537,22.17809560642263,48.08255995660835
2025-07-17,65.88,66.47,64.8,65.46,65.25,65.47,,,118.0648,11.9728,-0.4843325348820571,-0.43254627307926247,-0.10357252360558922,,,,31.91503763081399,25.423742947886417,44.89762699666913
2025-07-18,65.5,65.88,64.66,64.69,65.4,65.3,,38.6,116.676,11.8319,-0.5328458614242635,-0.4526061907482627,-0.1604793413520016,,,,32.1940044153747,27.68049677038251,41.22101970535907
2025-07-21,64.88,65.1,63.68,64.07,65.36,65.05,,32.17,115.5577,11.7185,-0.6142412498955281,-0.48493320257771577,-0.2586160946356246,,,,30.119627539052324,28.493540359939118,33.37180189727874
2025-07-22,64.06,64.91,63.77,64.25,64.89,64.91,,36.54,115.8824,11.7514,-0.6566536910066816,-0.5192773002635089,-0.2747527814863453,,,,30.19302030111578,29.060033673664673,32.458993556017994
2025-07-23,64.27,64.78,63.28,64.55,64.6,64.89,,42.03,116.4235,11.8063,-0.6584679546577945,-0.547115431142366,-0.22270504703085692,,,,32.66913327517747,30.263066874168942,37.48126607719453
2025-07-24,64.53,65.12,64.11,64.48,64.41,64.83,,39.57,116.2972,11.7935,-0.6579695235621301,-0.5692862496263189,-0.17736654787162243,,,,33.753532215814126,31.426555321384004,38.407486004674375
2025-07-25,64.49,65.05,63.67,64.96,64.46,64.93,65.49,41.47,117.1629,11.8813,-0.6117901883896195,-0.5777870373789791,-0.06800630202128088,65.494,67.83472773209306,63.15327226790695,37.085688143876006,33.31293292888134,44.63119857386533
2025-07-28,65.48,66.19,64.83,65.21,64.69,65.03,65.39,47.51,117.6138,11.927,-0.548694809683056,-0.5719685918397945,0.046547564313477174,65.3945,67.59485858321702,63.19414141678297,41.47726431813948,36.03437672530072,52.36303950381702
2025-07-29,65.22,65.5,64.23,64.53,64.75,64.82,65.22,48.55,116.3874,11.8027,-0.5472531903581768,-0.567025511543471,0.03954464237058852,65.22349999999999,67.09457933950883,63.35242066049114,40.71316053811181,37.59397132957108,46.95153895519326
2025-07-30,64.62,65.4,63.91,64.03,64.64,64.62,65.08,44.12,115.4856,11.7112,-0.5797732528203454,-0.5695750597988459,-0.020396386042998982,65.07700000000001,66.83074606575694,63.323253934243084,35.7331723175041,36.973704992215424,33.25210696808145
2025-07-31,63.8,65.9,63.8,64.3,64.61,64.51,64.99,52.52,115.9726,11.7606,-0.5771063701018733,-0.5710813218594515,-0.012050096484843564,64.989,66.7114083506288,63.26659164937121,35.5059636755869,36.48445788667259,33.54897525341552
2025-08-01,64.35,64.77,62.31,64.7,64.55,64.51,64.9,52.64,116.694,11.8337,-0.536531389395364,-0.564171335366634,0.055279891942539905,64.90400000000001,66.49607775530826,63.31192224469175,44.203288498501266,39.05740142394882,54.495062647606176
2025-08-04,64.7,65.07,63.63,63.9,64.29,64.49,64.77,29.15,115.2511,11.6874,-0.5624452205866106,-0.5638261124106294,0.0027617836480375857,64.77,66.21220591273814,63.32779408726185,43.128652813433824,40.41448522044382,48.55698799941382
2025-08-05,63.91,66.51,63.9,66.15,64.62,64.68,64.8,50.92,119.3092,12.099,-0.3968512681514227,-0.5304311435587881,0.26715975081473076,64.795,66.31658504613827,63.27341495386173,59.22862568514637,46.685865375344676,84.31414630474976
2025-08-06,65.87,66.88,64.96,66.87,65.18,64.91,64.9,58.5,120.6079,12.2306,-0.20515399751813845,-0.46537571435065817,0.5204434336650394,64.8995,66.68153284274774,63.117467157252264,72.74614432984966,55.372625026846336,107.49318293585631
2025-08-07,66.4,66.94,65.12,65.79,65.48,65.04,64.94,56.4,118.6599,12.0331,-0.13877973707873537,-0.4000565188962736,0.5225535636350764,64.93549999999999,66.76060533221624,63.11039466778373,73.55142523357874,61.43222509575715,97.78982550922191
2025-08-08,65.77,65.78,64.28,64.43,65.43,64.99,64.96,51.93,116.207,11.7844,-0.19368560440308613,-0.3587823359976361,0.3301934631890999,64.962,66.73854425041546,63.18545574958455,64.29706246673433,62.38717088608288,68.11684562803724
2025-08-11,64.32,66.88,64.3,65.73,65.79,65.04,65.03,57.07,118.5517,12.0221,-0.13079207476374677,-0.3131842837508582,0.3647844179742229,65.03450000000001,66.8122037228728,63.256796277127215,67.48673854873726,64.08702677363434,74.28616209894312
2025-08-12,65.76,66.37,64.61,65.95,65.75,65.19,65.0,56.74,118.9485,12.0624,-0.06247615182961397,-0.2630426573666094,0.4011330110739909,65.0025,66.6826738631839,63.322326136816095,71.19706256020933,66.45703870249267,80.67711027564266
2025-08-13,65.89,69.63,65.5,68.82,66.14,65.66,65.14,66.46,124.1249,12.5873,0.2207055672991629,-0.16629301243345496,0.7739971594652357,65.14349999999999,67.50948060231401,62.77751939768596,77.10951711664228,70.00786484054254,91.31282166884176
2025-08-14,68.82,69.85,66.9,67.26,66.44,65.96,65.23,58.06,121.3113,12.302,0.31561197895504733,-0.0699120141557545,0.7710479862216036,65.23349999999999,67.78021119185838,62.68678880814161,70.859720950216,70.29181687710036,71.99552909644729
2025-08-15,67.52,76.87,67.06,75.6,68.67,67.05,65.78,73.24,136.3534,13.8274,1.0516712817742757,0.15440464503025153,1.7945332734880484,65.77900000000001,71.05106700700168,60.506932992998344,77.30920486889238,72.6309462076977,86.66572219128173
2025-08-18,77.42,88.95,75.21,87.0,72.93,69.36,66.93,83.97,156.9147,15.9125,2.5257727722249683,0.6286782704691949,3.794189003511547,66.9255,77.71678005674755,56.134219943252454,82.23802416202068,75.83330552580537,95.0474614344513
2025-08-19,85.06,85.06,78.8,79.65,75.67,70.71,67.7,69.56,143.6581,13.3265,3.065587070757843,1.1160600305269246,3.8990540804618368,67.6955,79.8006732742658,55.59032672573419,75.59281329758278,75.75314144973117,75.27215699328599
2025-08-20,78.76,83.5,78.0,83.01,78.5,72.32,68.62,71.75,149.7182,13.8887,3.7216172240726877,1.6371714692360775,4.16889150967322,68.6185,82.41127808740575,54.825721912594254,75.70259975817774,75.73629421921336,75.6352108361065
2025-08-21,82.41,83.02,78.27,79.4,80.93,73.69,69.36,65.9,143.2072,13.2847,3.905212162150434,2.090779607818949,3.6288651086629704,69.36449999999999,83.81315096598435,54.91584903401563,70.88760200240924,74.12006348027866,64.4226790466704
2025-08-22,79.01,82.2,78.9,80.95,82.0,75.34,70.16,68.15,146.0028,13.544,4.128197231446109,2.498263132544381,3.2598681978034554,70.164,85.33784786227169,54.99015213772832,69.635832175805,72.62531971212078,63.65685710317345
2025-08-25,81.3,84.69,80.6,82.83,81.17,77.05,71.05,67.9,149.3936,13.8585,4.4058271605929065,2.8797759381540864,3.05210244487764,71.045,87.03202829434565,55.057971705654346,71.05786110938527,72.10283351120896,68.9679163057379
2025-08-26,82.55,82.55,80.51,81.27,81.49,78.58,71.88,65.18,146.5799,13.5975,4.4486901858720955,3.1935587876976883,2.5102627963488144,71.882,88.18261748911107,55.58138251088894,69.09526341532714,71.10031014591502,65.08516995415138
2025-08-27,80.03,82.82,78.68,79.18,80.73,79.61,72.64,63.82,142.8104,13.2478,4.264851357405689,3.4078173016392888,1.714068111532801,72.6395,88.8113006353489,56.4676993646511,64.51942488690457,68.90668172624487,55.74491120822398
2025-08-28,78.88,80.97,77.3,80.9,81.03,80.98,73.47,66.87,145.9126,13.5356,4.209423769776393,3.5681385952667095,1.282570349019367,73.4695,89.54278280097122,57.396217199028776,56.8169285757433,64.87676400941102,40.69725770840785
2025-08-29,81.14,82.54,80.08,80.61,80.96,81.48,74.27,65.56,145.3895,13.4871,4.094893052747423,3.6734894867628527,0.842807131969141,74.265,90.0836478895204,58.446352110479594,52.096165442248115,60.61656448702338,35.05536735269757
2025-09-01,81.0,83.53,79.52,81.5,80.69,80.93,75.15,66.04,146.9948,13.636,4.029492712593708,3.744690131929024,0.5696051613293678,75.14500000000001,90.48682244029277,59.80317755970726,53.67529658260837,58.30280851888505,44.42027271005499
2025-09-02,80.75,81.97,76.9,77.26,79.89,80.69,75.7,58.47,139.3474,12.9266,3.5940993667457093,3.7145719788923612,-0.2409452242933039,75.7005,90.46465499212792,60.9363450078721,37.3239675120684,51.30986151661284,9.35217950297951
2025-09-03,77.89,78.66,75.34,76.15,79.28,80.01,76.16,59.0,137.3454,12.7409,3.123473818098475,3.596352346733584,-0.9457570572702183,76.1645,90.3313604775183,61.997639522481705,27.77034554280497,43.463356192010224,-3.615675755605537
2025-09-04,77.9,80.0,70.3,71.86,77.48,79.25,76.47,45.88,129.6079,12.0231,2.3769327321999327,3.352468423826854,-1.9510713832538427,76.468,89.94219303315539,62.993806966844616,22.12718426504349,36.351298883021315,-6.321044970912169
2025-09-05,71.85,73.97,70.83,73.56,76.07,78.51,76.92,31.14,132.674,12.3075,1.9005608531375486,3.0620869096889933,-2.3230521131028894,76.9245,89.25124537657622,64.59775462342377,22.96511200939912,31.88923659181392,5.116862844569525
2025-09-08,74.79,75.85,73.56,74.7,74.71,77.7,77.37,41.59,134.7302,12.4983,1.5966163797623096,2.768992803703657,-2.3447528478826944,77.373,88.5873199807913,66.1586800192087,26.39599052075337,30.058154568127073,19.071662426005958
2025-09-09,74.87,75.13,72.45,73.18,73.89,76.89,77.73,32.19,131.9887,12.244,1.2190346256391251,2.459001168090751,-2.4799330849032515,77.7345,87.80631889181242,67.66268110818757,24.8535628415,28.323290659251384,17.914107205997226
2025-09-10,73.2,74.65,72.9,73.42,73.34,76.31,77.96,37.65,132.4215,12.2841,0.9284616316606957,2.1528932608047398,-2.448863258288088,77.96450000000002,87.36702927898135,68.56197072101868,24.429964040969775,27.025515119824185,19.238861883260952
2025-09-11,73.16,76.7,72.42,75.96,74.16,75.82,78.4,40.1,137.0027,12.7091,0.8928450508324488,1.9008836188102818,-2.016077135955666,78.3995,86.42030314917967,70.37869685082033,30.547161716403625,28.199397318684,35.24269051184288
2025-09-12,76.34,78.17,75.89,75.99,74.65,75.36,78.42,35.36,137.0568,12.7141,0.8571586122823192,1.6921386175046893,-1.6699600104447403,78.419,86.41299748495516,70.42500251504484,36.617273763520714,31.005356133629572,47.841109023303
2025-09-15,78.01,78.9,75.16,75.16,74.74,74.72,77.83,36.5,135.5598,12.5752,0.7532201363552105,1.5043549212747935,-1.5022695698391662,77.827,84.83860271489871,70.81539728510128,41.11254677018219,34.37441967914711,54.588800952252356
2025-09-16,75.0,76.19,74.5,75.8,75.27,74.58,77.63,42.02,136.7141,12.6823,0.7142572832914453,1.346335393678124,-1.2641562207733572,77.6345,84.64676737112944,70.62223262887056,46.30870815606648,38.35251583812024,62.22109279195897
2025-09-17,76.6,79.2,76.0,78.97,76.38,74.86,77.43,45.74,142.4316,13.2127,0.9284686401982896,1.262762042982157,-0.6685868055677351,77.4325,84.01218124327875,70.85281875672126,63.28983570420361,46.66495579348137,96.53959552564811
2025-09-18,78.58,82.89,78.56,80.14,77.21,75.69,77.47,49.0,144.5418,13.4085,1.1790505450090905,1.2460197433875437,-0.13393839675690655,77.46950000000001,84.10386182628756,70.83513817371247,66.77138362451524,53.36709840382599,93.57995406589373
2025-09-19,80.28,80.85,76.76,77.46,77.51,76.08,77.3,42.02,139.7082,13.3074,1.1481497519690151,1.226445745103838,-0.15659198626964566,77.29499999999999,83.72432917839852,70.86567082160146,60.560101021883106,55.76476594317837,70.15077117929259
2025-09-22,78.24,79.77,77.61,78.58,78.19,76.47,77.08,52.98,141.7282,13.4998,1.2002001306188816,1.2211966222068467,-0.04199298317593003,77.08250000000001,83.0023004055966,71.16269959440342,59.98498934728533,57.17150707788069,65.6119538860946
2025-09-23,78.94,79.98,74.35,76.4,78.31,76.79,76.84,50.54,137.7963,13.1253,1.053399713542646,1.1876372404740065,-0.26847505386272097,76.839,82.42477102061417,71.25322897938582,52.66111674409918,55.66804363328686,46.647262965723826
2025-09-24,75.89,79.94,75.64,78.72,78.26,77.32,76.82,66.12,141.9807,13.5239,1.1114518116904009,1.1724001547172853,-0.12189668605376891,76.816,82.36485061592859,71.26714938407142,52.164397891850676,54.500161719474804,47.492870236602414
2025-09-25,78.53,79.5,77.68,78.2,77.87,77.54,76.68,61.54,141.0428,13.4345,1.102786625775508,1.1584774489289298,-0.11138164630684377,76.68100000000001,81.93503464015954,71.42696535984048,49.80358766560539,52.93463703485167,43.54148892711284
2025-09-26,77.8,79.02,75.1,75.18,77.42,77.46,76.41,51.09,135.5959,12.9157,0.8425186125854793,1.0952856816602399,-0.5055341381495211,76.40950000000001,81.36115883953593,71.45784116046408,36.44204829541536,47.437107455039566,14.451929976166952
2025-09-29,75.07,76.35,74.64,75.2,76.74,77.47,76.09,54.93,135.632,12.9191,0.6305990169228011,1.0023483487127522,-0.7434986635799024,76.09450000000001,80.44808521342155,71.74091478657847,27.61241939444556,40.82887810150823,1.179501980320211
2025-09-30,75.5,77.76,75.44,76.65,76.79,77.55,76.06,57.45,138.2472,13.1682,0.5730483477634607,0.916488348522894,-0.6868800015188665,76.064,80.39167544264104,71.73632455735894,27.38564103267491,36.347799078563796,9.461324940897143
2025-10-09,78.0,80.22,77.0,78.83,76.81,77.54,76.2,56.73,142.1791,13.5428,0.6953314605558489,0.8722569709294851,-0.35385102074727226,76.19800000000001,80.69936634227484,71.69663365772517,41.23145299614227,37.975683717756624,47.742991552913566
2025-10-10,78.1,79.97,76.64,77.25,76.62,77.25,76.47,52.75,139.3294,13.2713,0.6571734268683258,0.8292402621172533,-0.34413367049785504,76.4675,80.49586717607264,72.43913282392737,43.955551287604244,39.96897290770583,51.928708047401074
2025-10-13,74.78,77.99,74.7,77.86,77.16,77.29,76.68,55.96,140.4296,13.3761,0.6684493443283515,0.797082078559473,-0.2572654684622431,76.6825,80.51155168966176,72.85344831033825,49.23555775789177,43.05783452443448,61.59100422480634
2025-10-14,77.76,79.1,73.29,73.38,76.79,76.77,76.62,45.43,132.3494,12.6065,0.31228717887020707,0.7001230986216198,-0.7756718395028255,76.6165,80.63047178287049,72.60252821712952,33.25660560482823,39.79075821789907,20.188300378686563
2025-10-15,71.48,71.48,67.03,69.69,75.4,76.1,76.44,32.83,125.6941,11.9725,-0.2646750553647763,0.5071634678243406,-1.5436770463782339,76.442,81.29976036764576,71.58423963235423,28.8933347448918,36.15828372689664,14.363436780882111
2025-10-16,69.5,69.56,67.14,67.85,73.21,75.01,76.16,27.81,122.3754,11.6564,-0.8604753807014163,0.23363569811918924,-2.188222157641211,76.1635,82.23723040664697,70.08976959335303,21.334500140769396,31.217022531520897,1.5694553592663993
2025-10-17,67.68,68.11,64.8,65.05,70.77,73.69,75.62,27.69,117.3253,11.1754,-1.540826343507021,-0.12125671020605286,-2.8391392666019364,75.61800000000001,83.46851818604799,67.76748181395203,14.763423786020931,25.732489616354243,-7.174707874645691
2025-10-20,66.28,66.5,64.41,65.2,68.23,72.7,75.08,25.07,117.5958,11.2012,-2.0443397605939566,-0.5058733202836336,-3.076932880620646,75.0785,84.20129568184163,65.95570431815838,11.507895005565729,20.99095807942474,-7.458231142152293
2025-10-21,65.5,66.6,64.42,66.56,66.87,71.83,74.65,31.09,120.0487,11.4348,-2.3070429818376255,-0.866107252594432,-2.881871458486387,74.6485,84.53395827279415,64.76304172720585,12.20492599780706,18.062280718885514,0.4902165556501501
2025-10-22,66.4,68.72,65.94,67.4,66.41,70.91,74.23,26.94,121.5638,11.5791,-2.419564958802468,-1.1767987938360394,-2.485532329932857,74.2285,84.60932904102287,63.84767095897712,14.541930099652026,16.888830512474353,9.84812927400737
2025-10-23,67.0,67.36,65.53,67.12,66.27,69.74,73.64,27.2,121.0588,11.531,-2.502485995355528,-1.441936234139937,-2.1210995224311815,73.636,84.22790833161143,63.04409166838856,15.843927985654128,16.540529670200947,14.450724616560493
2025-10-24,67.48,68.78,67.48,68.55,66.97,68.87,73.06,35.4,123.6379,11.7767,-2.424860186440057,-1.638521024599961,-1.5726783236801918,73.0565,83.41577710341122,62.69722289658879,19.956764334434272,17.67927455827872,24.51174388674538
2025-10-27,69.38,69.71,67.21,67.63,67.45,67.84,72.56,33.97,121.9786,11.6186,-2.409798824053979,-1.7927765844907648,-1.2340444791264287,72.56500000000001,82.977230662467,62.15276933753303,28.48602770810467,21.281525608220704,42.89503190787261
2025-10-28,67.29,68.59,66.51,67.2,67.58,67.22,72.0,29.08,121.203,11.5448,-2.4048385107993084,-1.9151889697524738,-0.9792990820936693,71.996,82.26703110695301,61.72496889304698,36.53785495005725,26.36696872216622,56.879627405839315
2025-10-29,66.59,67.2,64.81,65.96,67.29,66.85,71.47,20.28,118.9666,10.8954,-2.472464037328564,-2.0266439832676917,-0.8916401081217442,71.474,81.86311657254318,61.08488342745683,34.1069976396608,28.946978361331084,44.42703619632023
2025-10-30,65.96,65.98,64.49,64.6,66.79,66.53,70.77,20.49,116.5136,10.6708,-2.6057607998534422,-2.142467346584842,-0.9265869065372003,70.768,81.00173081118446,60.53426918881554,23.93296697989964,27.27564123418727,17.247618471324373
2025-10-31,64.54,65.2,64.01,64.34,65.95,66.46,70.08,17.93,116.0447,10.6278,-2.7012410462777297,-2.2542220865234195,-0.8940379195086203,70.075,80.06387275659095,60.08612724340905,17.8851358813366,24.145472783237047,5.3644620775357055
2025-11-03,64.34,64.34,62.6,64.03,65.23,66.34,69.52,22.35,115.4856,10.5766,-2.7699934781340545,-2.3573763648455466,-0.8252342265770158,69.5175,79.55121553156744,59.48378446843256,18.62759644784841,22.30618067144084,11.270428000663557
2025-11-04,64.02,64.38,61.8,62.26,64.24,65.91,68.87,25.22,112.2932,10.2842,-2.933489047501439,-2.4725989013767253,-0.9217802922494274,68.87049999999999,79.02941306867218,58.7115869313278,14.356872136745134,19.656411159875603,3.7577940904841967
2025-11-05,61.5,62.2,61.16,61.86,63.42,65.35,68.13,27.9,111.5717,10.2182,-3.060062624099814,-2.590091645921343,-0.9399419563569413,68.131,78.05604519411673,58.205954805883266,12.300292925471428,17.204371748407546,2.4921352795991965
2025-11-06,61.94,62.84,61.21,62.32,62.96,64.88,67.31,37.82,112.4014,10.2941,-3.087662290960651,-2.689605774929205,-0.796113032062892,67.3055,76.17384815212873,58.43715184787127,12.722612437643736,15.710451978152943,6.746933356625327
2025-11-07,61.98,61.98,60.76,60.81,62.26,64.1,66.48,32.54,109.6779,10.0447,-3.194554767379117,-2.7905955734191874,-0.8079183879198588,66.4835,74.47508577241659,58.49191422758342,8.69459815979146,13.371834038699115,-0.6598735980238537
2025-11-10,61.18,61.46,59.9,60.69,61.59,63.41,65.62,24.1,109.4615,10.0249,-3.251469901127166,-2.882770438960783,-0.7373989243327657,65.625,71.9953309010969,59.25466909890309,9.403704709267359,12.049124262221865,4.1128656033583475
2025-11-11,60.88,61.08,58.77,58.96,60.93,62.58,64.9,15.47,106.3412,9.7391,-3.39701344009071,-2.9856190391867687,-0.8227888018078824,64.90400000000001,70.8271158229962,58.98088417700381,7.14754608911859,10.41526487118744,0.61210852498089
2025-11-12,58.88,59.65,58.02,59.28,60.41,61.91,64.38,18.03,106.9184,9.792,-3.446803808907262,-3.0778559931308673,-0.7378956315527896,64.3835,70.36506562853049,58.40193437146951,10.614612898781001,10.481714213718627,10.880410268905749
2025-11-13,59.27,59.63,58.7,59.62,59.87,61.42,63.97,10.03,107.5316,9.8481,-3.4194110345167417,-3.1461670014080423,-0.5464880662173988,63.971999999999994,70.08046728988337,57.863532710116615,15.462152833988153,12.141860420475137,22.10273766101418
2025-11-14,58.8,59.29,58.01,58.01,59.31,60.78,63.62,9.44,104.895,9.6067,-3.4874148604556012,-3.2144165732175543,-0.545996574476094,63.61999999999999,70.2555311531336,56.98446884686637,10.308101889325437,11.530607576758571,7.86309051445917
2025-11-17,58.03,58.88,57.48,58.05,58.78,60.19,63.26,10.11,104.9673,9.6133,-3.4977607085791433,-3.271085400289872,-0.45335061657854236,63.2625,70.29799160366633,56.22700839633368,10.416844045619941,11.159353066379028,8.931826004101769
2025-11-18,58.0,58.64,57.59,57.83,58.56,59.74,62.83,11.1,104.5695,9.472,-3.483555766697826,-3.313579473571463,-0.33995258625272573,62.826,70.0799510830847,55.57204891691531,9.121179612502853,10.479961915086971,6.4036150073346185
2025-11-19,57.78,58.22,56.38,56.45,57.99,59.2,62.28,11.08,102.0742,9.246,-3.542813367597674,-3.359426252376706,-0.36677423044193613,62.27850000000001,69.72912137994976,54.82787862005025,6.497453075001905,9.15245896839195,1.1874412882218124
2025-11-20,57.02,57.84,56.01,56.01,57.27,58.57,61.72,10.89,101.2786,9.1739,-3.583966036478202,-3.404334209197005,-0.35926365456239395,61.723,69.30918162048229,54.13681837951771,4.331635383334604,7.545517773372835,-2.0961293967418566
2025-11-21,55.51,56.0,53.85,54.04,56.48,57.89,61.0,9.42,97.7164,8.8513,-3.7325162353278714,-3.4699706144231786,-0.5250912418093856,60.9975,68.60991057332288,53.385089426677126,3.7637366363770477,6.284924061040906,-1.2786382129506677
2025-11-24,54.7,56.5,54.17,56.26,56.12,57.45,60.43,26.49,101.7306,9.2149,-3.629271904109487,-3.5018308723604408,-0.2548820634980924,60.428999999999995,67.64370399144734,53.21429600855265,16.359732470228362,9.64319353077006,29.792810349144965
2025-11-25,56.53,58.25,56.18,57.31,56.01,57.29,59.93,33.04,103.6293,9.3869,-3.4232625630795894,-3.4861172105042706,0.12570929484936233,59.9345,66.52377190291324,53.34522809708675,30.860352211986154,16.715579757842093,59.149897120274275
2025-11-26,57.72,58.5,56.51,57.28,56.18,57.09,59.5,30.59,103.575,9.382,-3.2252408564256285,-3.4339419396885424,0.41740216652582784,59.5005,65.53915608959615,53.46184391040386,41.59072500406921,25.0072948399178,74.75758533237203
2025-11-27,57.0,61.86,56.9,60.81,57.14,57.2,59.31,50.0,109.958,9.9601,-2.75174532150956,-3.2975026160527463,1.0915145890863727,59.31099999999999,64.8967370997357,53.725262900264276,56.69094525864291,35.56851164615951,98.93581248360974
2025-11-28,59.94,60.4,58.86,60.0,58.33,57.4,59.09,47.8,108.4934,9.8275,-2.4140294998914413,-3.1208079928204855,1.4135569858580883,59.09400000000001,64.17117866121434,54.01682133878567,63.3869722448381,44.84133184571904,100.47825304307622
2025-12-01,61.2,61.58,59.81,60.68,59.22,57.67,58.93,55.87,109.723,9.9389,-2.0676820100209454,-2.9101827962605777,1.6850015724792646,58.9265,63.515605061245964,54.33739493875403,70.68078632385794,53.45448333843201,105.13339229470981
2025-12-02,60.3,61.3,59.8,60.34,59.82,57.92,58.83,53.62,109.1082,9.8832,-1.79988631841276,-2.6881235006910145,1.7764743645565089,58.83050000000001,63.20111708277058,54.459882917229436,74.128430999093,60.34579922531901,101.69369454664098
2025-12-03,60.15,60.18,58.7,59.01,60.17,58.17,58.69,48.05,106.7032,9.6653,-1.6756602202193065,-2.485630844596673,1.619941248754733,58.688,62.82217388170913,54.55382611829087,70.89211255120556,63.86123700061453,84.9538636523876
2025-12-04,59.01,60.14,58.67,59.27,59.86,58.5,58.54,54.41,107.1734,9.7079,-1.538495496902847,-2.296203775057908,1.5154165563101216,58.5355,62.31539960880272,54.75560039119728,69.36804035706726,65.6968381194321,76.71044483233757
2025-12-05,59.27,62.3,58.9,61.53,60.17,59.25,58.57,60.53,111.26,10.0781,-1.233212645336934,-2.083605549113713,1.700785807553558,58.5715,62.454907483667654,54.68809251633235,75.38479378924312,68.92615667603577,88.3020680156578
2025-12-08,62.01,62.49,61.42,61.79,60.39,59.8,58.63,61.96,111.7301,10.1207,-0.9592364779238949,-1.8587317348757495,1.7989905139037092,58.6265,62.664327842318926,54.588672157681074,79.68796731991904,72.51342689066354,94.03704817843004
2025-12-09,61.63,62.82,60.69,61.0,60.52,60.17,58.73,64.25,110.3016,9.9913,-0.7966712586923279,-1.6463196396390654,1.699296761893475,58.7285,62.9025666779023,54.554433322097694,76.21089713219828,73.74591697117512,81.14085745424461
2025-12-10,60.2,60.39,57.69,59.52,60.62,60.4,58.74,60.32,107.6254,9.7489,-0.7782891495087085,-1.4727135416129942,1.3888487842085713,58.7405,62.92261467536343,54.55838532463657,62.69810296142657,70.06331230125895,47.96768428176182
2025-12-11,59.84,60.02,58.7,58.7,60.51,60.18,58.69,64.69,106.1427,9.6145,-0.8204309255100455,-1.3422570183924045,1.043652185764718,58.694500000000005,62.85607093314225,54.53292906685776,48.36143836154887,62.829354321355595,19.42560644193543
2025-12-12,58.81,67.33,57.91,66.28,61.46,60.81,59.11,73.61,119.849,10.8561,-0.23942598163063877,-1.1216908110400514,1.7645296588188253,59.108000000000004,64.45718232807062,53.75881767192939,61.94358684684172,62.534098496517636,60.762563547489876
2025-12-15,65.31,66.77,64.2,64.25,61.95,61.17,59.42,65.63,116.1783,10.5236,0.056568501256421655,-0.8860389485807568,1.885214899674357,59.41799999999999,65.20935689945263,53.62664310054735,63.97898874160127,63.01572857821219,65.90550906837944
2025-12-16,65.0,65.57,62.52,63.16,62.38,61.45,59.68,62.64,114.2074,10.3451,0.20087678840433654,-0.6686558011837381,1.7390651791761493,59.6845,65.65591427310552,53.713085726894484,61.566905357471384,62.532787504631926,59.635141063150286
2025-12-17,62.85,63.76,61.0,62.82,63.04,61.83,60.0,55.01,113.5926,10.2894,0.2845271354472416,-0.4780192138575422,1.5250926986095676,60.003,65.92734797655946,54.07865202344054,58.783192783265854,61.2829225975099,53.78373315477775
2025-12-18,62.5,65.25,62.26,63.11,63.92,62.22,60.36,57.95,114.117,10.3369,0.3699565852905735,-0.30842405402791906,1.3567612786369851,60.35799999999999,66.12366826363706,54.59233173636292,57.930150652191074,60.16533194907029,53.45978805843265
2025-12-19,63.11,64.63,62.14,62.36,63.14,62.3,60.77,54.28,112.7608,10.214,0.37284340114742776,-0.17217056299284972,1.090027928280555,60.774,65.76944381885778,55.77855618114222,54.7680949022906,58.366252933477064,47.571778839917656
2025-12-22,63.02,64.5,63.02,63.4,62.97,62.46,61.13,57.53,114.6413,10.3844,0.45381918677718147,-0.04697261303884348,1.00158359963205,61.13099999999999,65.7764138108117,56.485586189188275,56.256184983269804,57.662896950074646,53.44276104966012
2025-12-23,63.4,63.7,61.45,62.12,62.76,62.57,61.37,57.67,112.3268,10.1747,0.40998176313352275,0.04441826219562977,0.7311270018757859,61.371500000000005,65.66900613116078,57.073993868839224,52.40150478007088,55.90909956007339,45.38631522006587
2025-12-24,62.07,63.72,61.67,63.49,62.9,62.97,61.68,59.87,114.8041,10.3991,0.48025179574166543,0.13158496890483692,0.697333653673657,61.682,65.61686761631074,57.74713238368927,54.67955944998358,55.49925285671013,53.040172636530485
2025-12-25,63.5,66.85,63.22,66.32,63.54,63.73,61.96,60.91,119.9214,10.8626,0.7555886954119586,0.2563857142062613,0.9984059624113947,61.957499999999996,66.3770206932303,57.53797930676968,66.76642994671269,59.254978553377654,81.78933273338276
2025-12-26,66.34,70.18,66.16,68.25,64.72,63.93,62.37,63.67,123.4112,11.1788,1.1166579051774264,0.4284401524004943,1.376435505553864,62.370000000000005,67.50273088285232,57.23726911714769,70.83629825060439,63.115418452453234,86.27805784690669
2025-12-29,68.25,69.65,66.77,67.19,65.47,64.22,62.7,62.96,121.4945,11.0051,1.3022630364161571,0.6032047292036269,1.3981166144250605,62.6955,68.1899123769897,57.20108762301031,69.70059680033029,65.3104779017456,78.48083459749967
2025-12-30,66.99,68.33,66.67,66.81,66.41,64.59,63.02,65.99,120.8074,10.9429,1.4025261673135603,0.7630690168256136,1.2789143009758934,63.01899999999999,68.68855637362225,57.349443626377735,66.93289118494718,65.85128232947946,69.09610889588262
2025-12-31,66.97,67.2,65.4,66.11,66.94,64.92,63.37,66.34,119.5416,10.8282,1.4092562423207724,0.8923064619246455,1.0338995607922539,63.374,68.87318807404156,57.87481192595845,62.41497823937294,64.70584763277729,57.83323945256424
2026-01-05,67.42,70.18,67.02,68.91,67.45,65.5,63.86,57.35,124.6046,11.2869,1.621831016274335,1.0382113727945834,1.1672392869595032,63.855999999999995,69.5277783343217,58.1842216656783,70.09413975026538,66.50194500527333,77.2785292402495
2026-01-06,68.46,69.36,67.35,68.6,67.52,66.12,64.21,63.45,124.0441,11.2361,1.7451664543715708,1.179602389109981,1.1311281305231797,64.2095,70.14599010247967,58.273009897520346,74.0299228728382,69.01127096112829,84.06722669625802
2026-01-07,68.47,70.0,67.6,69.33,67.95,66.71,64.59,69.51,125.3641,11.3556,1.8801424647967906,1.3197104042473429,1.1208641210988954,64.5865,70.82596784168052,58.34703215831948,79.35719887566414,72.45991359930692,93.15176942837857
2026-01-08,68.81,72.77,68.75,71.55,68.9,67.66,65.11,74.67,129.3784,11.7193,2.1415607924542,1.4840804818887143,1.3149606211309717,65.114,71.84154401108233,58.38645598891767,81.97984288046021,75.63322335969136,94.67308192199792
2026-01-09,72.74,75.0,71.0,74.99,70.68,68.81,65.89,78.5,135.5986,12.2827,2.5963864247504205,1.7065416704610556,1.7796895085787297,65.8875,73.41654236588995,58.358457634110046,87.95183969808457,79.73942880582243,104.37666148260888
2026-01-12,76.88,80.58,76.5,77.1,72.31,69.88,66.81,83.2,139.414,12.6283,3.091461932392747,1.9835257228473941,2.2158724190907053,66.80749999999999,75.09690700056706,58.51809299943292,84.32625940346612,81.26837233837034,90.4420335336577
2026-01-13,75.88,76.0,71.55,72.6,73.11,70.32,67.12,67.93,131.277,11.8912,3.0851369092362546,2.2038479601251666,1.762577898222176,67.1235,75.80100212664293,58.44599787335708,72.02778294881931,78.18817587518667,59.706997096084564
2026-01-14,72.96,74.05,69.93,70.93,73.43,70.69,67.46,66.91,128.2573,11.6177,2.9118037781679362,2.345439123733721,1.1327293088684307,67.4575,76.18340547254479,58.731594527455194,60.16169280470257,72.1793481850253,36.126382044057095
2026-01-15,70.22,70.7,68.26,70.58,73.24,71.07,67.83,64.16,127.6244,11.5604,2.714898290542692,2.4193309570955153,0.5911346668943533,67.82849999999999,76.41490853785476,59.24209146214522,48.85902430834646,64.40590689279902,17.765259139441326
2026-01-16,71.85,73.69,70.7,73.26,72.89,71.78,68.35,63.95,132.4704,11.9993,2.743477771285967,2.484160319933606,0.5186349027047221,68.3505,76.92422847715613,59.77677152284386,47.46308347691732,58.75829908750513,24.8726522557417
2026-01-19,73.5,73.78,71.61,72.51,71.98,72.15,68.82,58.99,131.1143,11.8765,2.674775338577291,2.522283323662343,0.30498402982989603,68.82050000000001,77.21332268557947,60.42767731442055,44.25119792143746,53.92259869881591,24.90839636668055
2026-01-20,72.76,72.9,69.19,69.9,71.44,72.28,69.2,55.37,126.3948,11.449,2.3822617478388395,2.4942790084976423,-0.2240345213176056,69.19749999999999,77.02689367148926,61.36810632851072,33.93802805152109,47.26107514971764,7.291933855127979
2026-01-21,69.04,71.9,68.66,71.15,71.48,72.46,69.59,58.31,128.6551,11.6537,2.2256512508461554,2.4405534569673453,-0.42980441224237964,69.58500000000001,76.96021168295661,62.209788317043405,30.444616103611466,41.65558880101558,8.022670708803233
2026-01-22,71.81,72.44,70.14,70.54,71.47,72.36,70.01,58.51,127.5521,11.5538,2.028926203335132,2.358228006240903,-0.6586036058115416,70.006,76.4950398284134,63.5169601715866,26.465241904572157,36.59213983553444,6.211446042647594
2026-01-23,70.71,74.38,70.71,73.7,71.56,72.23,70.52,59.08,133.266,12.0714,2.10375499855202,2.3073334047031264,-0.4071568123022127,70.5165,76.42788874056714,64.60511125943285,41.07157384508085,38.08528450538324,47.04415252447606
2026-01-26,74.9,74.97,69.06,69.1,70.88,71.43,70.66,50.81,124.9482,11.318,1.7714555646216468,2.200157836686831,-0.8574045441303682,70.6555,76.27493797526884,65.03606202473117,31.5539255340777,35.9081648482814,22.845446905670286
2026-01-27,69.0,71.31,67.4,71.15,71.13,71.28,70.8,52.84,128.6551,11.6537,1.6544522410052878,2.0910167175505223,-0.8731289530904691,70.8005,76.30711793232746,65.29388206767254,37.54849989370043,36.454943196754414,39.73561328759246
2026-01-28,70.86,71.79,69.0,69.7,70.84,71.16,70.93,47.04,126.0331,11.4163,1.4282592981035265,1.9584652336611232,-1.0604118711151935,70.926,76.19545278293465,65.65654721706535,35.16003031222477,36.02330556857787,33.43347979951858
2026-01-29,69.11,70.27,67.06,67.32,70.19,70.83,70.95,37.29,121.7296,11.0264,1.0449085958516662,1.775753906099232,-1.4616906204951317,70.9515,76.14142252249226,65.76157747750773,24.53567971088896,32.194096949348236,9.218845233970413
2026-01-30,67.15,67.99,64.75,67.36,68.93,70.24,71.01,32.67,121.8019,11.033,0.7358456969836595,1.5677722642761176,-1.6638531345849161,71.01400000000001,75.98387302601745,66.04412697398257,24.86983996381508,29.752677954170522,15.1041639831042
2026-02-02,66.34,67.28,63.8,64.15,67.94,69.41,70.78,34.24,115.9975,10.5072,0.22924831813286062,1.3000674750474663,-2.1416383138292114,70.776,76.55942604708524,64.99257395291475,17.624357648213365,25.709904518851474,1.4532639069371527
2026-02-03,65.02,65.97,64.5,65.54,66.81,68.97,70.62,39.84,118.5109,10.7349,-0.0593877857318148,1.0281764228916102,-2.17512841724685,70.623,76.7974911573854,64.44850884261461,16.94205162223478,22.78728688664591,5.251581093412518
2026-02-04,65.02,65.36,63.24,64.18,65.71,68.27,70.37,38.38,116.0518,10.5121,-0.3933404279536319,0.7438730527225618,-2.274426961352387,70.3655,77.16495655723183,63.56604344276817,13.96591449439126,19.846829422561026,2.2040846380517323
2026-02-05,63.33,65.15,63.33,64.28,65.1,67.65,70.0,32.01,116.2326,10.5285,-0.6425245159855137,0.4665935389809467,-2.2182361099329206,70.002,77.29428171641617,62.709718283583825,12.265994715499259,17.319884520207104,2.158215106083567
2026-02-06,63.62,64.8,63.07,64.18,64.47,66.7,69.46,32.87,116.0518,10.5121,-0.8384092058568058,0.20559299001339618,-2.088004391740404,69.4615,76.79943682461929,62.12356317538071,12.420449076387909,15.686739372267374,5.887868484628978
2026-02-09,65.0,65.5,64.66,65.26,64.69,66.31,68.87,39.82,118.0046,10.689,-0.896171749706312,-0.014759957930545464,-1.762823583551533,68.8695,75.48784603284875,62.25115396715125,16.651859017286142,16.008445920606963,17.9386852106445
2026-02-10,65.41,66.1,65.0,65.04,64.59,65.7,68.49,35.95,117.6068,10.653,-0.9487643780817905,-0.2015608419607945,-1.494407072241992,68.4915,75.07621363722137,61.90678636277863,20.22160971522783,17.412833852147255,25.83916144138899
2026-02-11,64.51,65.29,64.2,64.28,64.61,65.16,68.16,35.71,116.2326,10.5285,-1.0397840797653402,-0.3692054895217036,-1.341157180487273,68.159,74.89510820015602,61.422891799844,21.67890512180502,18.834857608699842,27.36700014801538
2026-02-12,64.3,66.54,64.01,66.08,64.97,65.03,67.93,31.45,119.4874,10.8233,-0.9556566770414605,-0.486495727025655,-0.938321900031611,67.934,74.6301179641246,61.2378820358754,38.284749099413936,25.318154772271207,64.21793775369939
2026-02-13,65.8,66.28,65.02,65.03,65.14,64.8,67.52,38.02,117.5887,10.6513,-0.9626149036590164,-0.5817195623523274,-0.761790682613378,67.52250000000001,73.84140688414736,61.20359311585266,44.351216018245196,31.662508520929205,69.72863101287717
2026-02-24,66.15,67.19,64.88,66.13,65.31,65.0,67.2,34.35,119.5778,10.8315,-0.8693472475484612,-0.6392450993915542,-0.460204296313814,67.20349999999999,73.09174797461219,61.315252025387785,54.324758898894835,39.21659198025108,84.54109273618235
2026-02-25,66.3,67.65,65.5,67.17,65.74,65.16,67.07,41.91,121.4583,11.0019,-0.7034042435011685,-0.6520769282134771,-0.10265463057538282,67.06700000000001,72.81699899313479,61.317001006865226,66.05638948427048,48.16319114825755,101.84278615629634
2026-02-26,66.48,67.3,65.06,67.01,66.28,65.45,66.86,48.84,121.169,10.6455,-0.5781394483814921,-0.6372894322470801,0.11829996773117601,66.86,72.27969507784714,61.44030492215286,72.71299328063448,56.34645852571653,105.44606279047039
2026-02-27,66.08,67.0,65.66,66.54,66.38,65.67,66.66,47.04,120.3192,10.5708,-0.510901908633798,-0.6120119275244237,0.2022200377812513,66.66,71.7956791177018,61.5243208822982,71.6438270222545,61.445581357895854,92.04031835097179
2026-03-02,65.7,66.48,63.02,63.25,66.02,65.58,66.14,46.77,114.3701,10.0482,-0.7148508229781072,-0.6325797066151604,-0.16454223272589363,66.1375,70.28957177201914,61.985428227980854,49.4184188787672,57.436527198186305,33.382202239928986
2026-03-03,63.34,63.86,59.51,59.69,64.73,65.02,65.67,31.82,107.9328,9.4826,-1.1504820142965428,-0.7361601681514369,-0.8286436922902118,65.667,70.484840092603,60.849159907397,33.68271332294554,49.51858923977272,2.0109614892911623
2026-03-04,58.98,60.44,58.5,58.9,63.08,64.41,65.05,32.99,106.5043,9.3571,-1.5416975400953632,-0.8972676425402222,-1.288859795110282,65.0545,70.0488314182969,60.06016858170311,23.912337115114873,40.98317186488678,-10.229332384428929
2026-03-05,60.17,61.53,59.39,59.91,61.66,63.97,64.56,36.7,108.3306,9.5176,-1.750066427372559,-1.0678273995066896,-1.3644780557317389,64.565,69.5612912561006,59.56870874389939,21.078170098601156,34.34817127612491,-5.46183225644635
2026-03-06,59.57,65.87,59.31,64.52,61.25,63.81,64.42,50.81,116.6666,10.2499,-1.5256253398846198,-1.1593869875822755,-0.7324767046046885,64.425,69.25023847242676,59.599761527573236,35.98289664132606,34.89307973119196,38.16253046159426
2026-03-09,64.05,65.8,63.06,65.7,61.74,63.88,64.34,51.05,118.8003,10.4374,-1.2382640851304316,-1.1751624070919067,-0.1262033560770499,64.342,69.0091871388955,59.674812861104506,50.218105957605346,40.00142180666309,70.65147425948985
2026-03-10,66.27,67.43,65.42,67.13,63.23,63.98,64.49,54.7,121.386,10.6646,-0.8849381552218176,-1.117117556717889,0.4643588029921428,64.49100000000001,69.31985144892525,59.66214855107478,65.69224980973611,48.56503114102077,99.94668714716681
2026-03-11,66.84,67.96,65.98,66.05,64.66,63.87,64.52,53.92,119.4331,10.493,-0.6841849263165329,-1.0305310306376179,0.6926922086421698,64.51650000000001,69.37397725297359,59.65902274702643,70.39807492601155,55.84271240268437,99.50879997266591
2026-03-12,65.82,66.2,63.64,64.09,65.5,63.58,64.51,45.62,115.889,10.1816,-0.6754559301506475,-0.9595160105402238,0.5681201607791526,64.512,69.37095635317947,59.653043646820535,66.62901964764409,59.43814815100428,81.01076264092369
2026-03-13,63.6,63.98,61.82,62.01,65.0,63.12,64.4,43.64,112.1279,9.8512,-0.8268453954890589,-0.9329818875299909,0.212272984081864,64.3985,69.38465884223496,59.41234115776504,56.78721112520881,58.55450247573913,53.252628424148185
2026-03-16,62.25,62.25,60.61,62.03,64.26,63.0,64.29,40.96,112.1641,9.8544,-0.9344371943098793,-0.9332729488859687,-0.002328490847821163,64.291,69.38845819011767,59.19354180988232,50.29647760708073,55.80182751951966,39.28577778220287
2026-03-17,62.43,63.26,60.1,60.36,62.91,63.07,64.05,35.39,109.1443,9.5891,-1.1413032794907494,-0.9748790150069249,-0.33284852896764905,64.046,69.41134062292393,58.680659377076076,37.57722784595362,49.72696096166432,13.277761614532238
2026-03-18,60.86,61.69,60.29,61.45,61.99,63.33,63.87,38.53,111.1153,9.7622,-1.2034199755214559,-1.020587207109831,-0.36566553682324976,63.86650000000001,69.33111256872924,58.40188743127078,33.29811336165696,44.250678428328534,11.39298322831381
2026-03-19,60.5,60.98,59.68,60.03,61.18,63.34,63.65,37.08,108.5476,9.5366,-1.3516490681321613,-1.086799579314297,-0.5296989776357286,63.65400000000001,69.37541094118335,57.93258905881668,23.60775995447019,37.36970560370909,-3.916131344007624
2026-03-20,60.31,60.72,59.0,59.0,60.57,62.79,63.3,40.73,106.6852,9.373,-1.5345448065806409,-1.1763486247675659,-0.71639236362615,63.3,69.26051922853048,57.33948077146951,15.738506636313462,30.159305947910553,-13.10309198688072
2026-03-23,58.03,58.87,55.54,56.1,59.39,61.83,62.85,41.94,101.4413,8.9123,-1.8916905297914965,-1.319417005772352,-1.144547048038289,62.8535,69.55961433496935,56.14738566503064,11.995289985132224,24.104633960317777,-12.223397965238881
2026-03-24,57.16,57.28,55.74,57.12,58.74,60.82,62.4,46.04,75.6312,9.0744,-2.0685803068963864,-1.4692496659971588,-1.1986612817984552,62.403000000000006,69.38712364995723,55.41887635004277,12.93744785750528,20.382238592713612,-1.952133612911382
2026-03-25,57.75,59.12,57.32,58.91,58.23,60.11,61.99,47.85,78.0013,9.3588,-2.040803576059524,-1.583560448009632,-0.9144862560997842,61.989999999999995,68.76084772737988,55.2191522726201,21.934601889205723,20.89969302487765,24.00441961786187
2026-03-26,58.44,58.9,56.59,56.7,57.57,59.37,61.47,31.27,75.0751,9.0077,-2.172080455591214,-1.7012644495259486,-0.9416320121305306,61.4745,68.20588282500995,54.74311717499005,19.63170350472093,20.477029851492077,17.94105081117864
2026-03-27,55.76,57.66,55.75,57.36,57.24,58.91,61.02,29.52,75.949,9.1126,-2.1975300853600217,-1.8005175766927635,-0.7940250173345165,61.01550000000001,67.54133360273025,54.48966639726978,20.946178847706875,20.633412850230343,21.57171084265994
2026-03-30,56.83,57.41,55.78,57.32,57.48,58.44,60.72,24.14,75.896,9.1062,-2.195617059277346,-1.8795374732096801,-0.6321591721353319,60.71900000000001,67.35528589847608,54.08271410152393,23.611815708769363,21.626213803076684,27.583019520154714
2026-03-31,57.03,59.22,57.03,57.52,57.56,58.15,60.61,26.42,76.1609,9.138,-2.1531425566851965,-1.9342584899047837,-0.43776813356082567,60.6105,67.38709586953095,53.83390413046905,27.87356341368941,23.708663673280927,36.20336289450638
2026-04-01,58.9,59.0,57.8,58.52,57.48,57.86,60.59,33.74,77.4849,9.2968,-2.0155554956037633,-1.9505178910445797,-0.13007520911836723,60.591499999999996,67.39038311261076,53.79261688738922,37.758694785445485,28.39200737733578,56.492069601664895
2026-04-02,58.26,58.41,56.8,57.31,57.61,57.59,60.46,35.55,75.8828,9.1046,-1.9813142882538841,-1.9566771704864405,-0.04927423553488719,60.4615,67.41296565386313,53.51003434613688,41.205071885949195,32.66302888020692,58.28915789743374
2026-04-03,57.28,60.5,56.8,60.32,58.2,57.72,60.25,45.56,79.8683,9.5828,-1.6917940911762912,-1.9037005546244106,0.42381292689623873,60.25150000000001,66.93534155218639,53.56765844781362,59.542877055618796,41.62297827201088,95.38267462283463
2026-04-07,60.32,60.99,59.0,59.33,58.6,58.04,59.93,47.23,78.5574,9.4255,-1.5246566821704803,-1.8278917801336245,0.6064701959262884,59.93300000000001,66.11164607890899,53.75435392109102,62.46878826608682,48.57158160336953,90.2632015915214
2026-04-08,60.96,61.79,60.6,61.76,59.45,58.5,59.66,50.78,81.7749,9.8116,-1.1824874109303707,-1.698810906292974,1.0326469907252065,59.6645,64.92475204519171,54.404247954808284,74.81362926348393,57.31893082340767,109.80302614363646
2026-04-09,61.15,63.42,60.86,62.65,60.27,58.88,59.49,56.76,82.9534,9.953,-0.8299332820564231,-1.5250353814456639,1.3902041987784814,59.494499999999995,64.05968391858669,54.929316081413305,79.86271503267463,64.83352555983,109.9210939783639
2026-04-10,62.99,63.38,61.91,62.09,61.23,59.42,59.39,58.17,82.2119,9.864,-0.5889300952514134,-1.337814324206814,1.497768457910801,59.39450000000001,63.61006751501864,55.178932484981374,80.7723510339995,70.14646738455318,102.02411833289216
2026-04-13,61.36,62.8,61.21,61.4,61.45,59.82,59.36,65.87,81.2983,9.7544,-0.4484412156149915,-1.1599397024884495,1.422996973746916,59.364,63.508111357983104,55.21988864201689,77.01036896727862,72.43443457879499,86.16223774424589
2026-04-14,61.8,62.41,61.08,62.05,61.99,60.3,59.36,65.09,82.1589,9.8576,-0.28140928751676597,-0.9842336194941128,1.4056486639546937,59.36500000000001,63.51182884547704,55.21817115452298,77.77529129540628,74.21472015099876,84.89643358422131
2026-04-15,62.38,62.87,61.12,61.27,61.89,60.67,59.41,57.7,81.1261,9.7337,-0.20955909555928542,-0.8292987147071473,1.2394792382957238,59.4105,63.622750180003976,55.19824981999602,74.35774706702817,74.26239578967524,74.54844962173402
2026-04-16,61.26,61.87,60.91,61.77,61.72,61.0,59.43,68.63,81.7882,9.8132,-0.1109920323953304,-0.685637378244784,1.1492906916989072,59.4265,63.67365520889185,55.17934479110814,74.59700761165425,74.37393306366825,75.04315670762625
2026-04-17,61.58,64.86,61.05,63.98,62.09,61.66,59.62,71.83,84.7144,10.1642,0.14379403740429808,-0.5197510951149676,1.3270902650385314,59.624,64.3317110316895,54.9162889683105,78.05898345896404,75.60228319543351,82.97238398602508
2026-04-20,64.23,64.38,62.88,63.03,62.42,61.93,59.83,67.77,83.4565,10.0133,0.26599059878685694,-0.36260275633460276,1.2571867102429195,59.8255,64.76026379213907,54.890736207860925,71.05340681301828,74.08599106796177,64.98823830313131
2026-04-21,63.15,63.38,61.38,62.11,62.43,62.21,60.13,63.67,82.2384,9.8672,0.2853071001687866,-0.23302078503392493,1.0366557704054231,60.126,64.83221269119164,55.41978730880836,57.785604542012194,68.65252889264525,36.05175584074607
2026-04-22,61.93,63.37,61.51,63.27,62.83,62.36,60.43,64.01,83.7743,10.0515,0.3897253607937259,-0.10847155586839477,0.9963938333242413,60.433499999999995,65.11633888255794,55.75066111744205,58.4393481756875,65.248135320326,44.82177388641051
2026-04-23,63.0,64.01,61.42,62.04,62.89,62.3,60.59,63.94,82.1457,9.856,0.3689735665734517,-0.012982531380025475,0.7639121959069544,60.59000000000001,65.2676647345035,55.91233526549652,48.495430429361306,59.66390035667111,26.158490574741705
2026-04-24,56.4,56.87,53.68,53.7,60.83,61.46,60.44,35.16,71.1029,8.6996,-0.3167889339304395,-0.07374381189010829,-0.4860902440806624,60.44,65.78735743886116,55.09264256113883,32.38991724509599,50.57257265281274,-3.9753935703375163
2026-04-27,53.23,54.25,52.62,53.36,58.9,60.66,60.24,36.21,70.6527,8.6446,-0.8775796231123536,-0.23451097413455735,-1.2861372979555925,60.239999999999995,66.32124987153105,54.158750128468945,23.60852870805964,41.58455800456171,-12.343529884944488
2026-04-28,53.32,53.32,50.82,51.17,56.71,59.57,59.93,25.27,67.753,8.2898,-1.4816454950000306,-0.483937878307652,-1.9954152333847572,59.93249999999999,67.1510430079685,52.71395699203148,16.56997830299893,33.24636477070745,-16.782794632418117
2026-04-29,50.82,51.7,50.8,51.21,54.3,58.56,59.62,22.18,67.8059,8.2963,-1.9348407451114653,-0.7741184516684148,-2.321444586886101,59.617,67.77054001258584,51.463459987414154,12.01867685823448,26.170468799883132,-16.28490702506282
2026-04-30,50.96,51.57,49.9,50.75,52.04,57.46,59.23,22.29,67.1969,8.4237,-2.304553938274424,-1.0802055489896167,-2.448696778569614,59.2285,68.29181709928001,50.16518290071999,9.969173154108443,20.770036917958237,-11.632554373591145
2026-05-06,51.61,54.25,51.6,52.65,51.83,56.33,59.0,29.81,69.7126,8.7391,-2.416385597438854,-1.3474415586794641,-2.1378880775187796,58.99550000000001,68.49555977820508,49.49544022179494,13.142689969500122,18.227587935138864,2.972894038222634
2026-05-07,53.09,55.09,52.86,55.05,52.17,55.53,58.73,35.06,72.8904,9.1374,-2.2850128449615354,-1.5349558159358785,-1.500114058051314,58.73199999999999,68.36873803732341,49.095261962676574,20.928105621055828,19.127760497111186,24.52879586894511
2026-05-08,55.05,55.68,54.35,55.05,52.94,54.83,58.52,36.26,72.8904,9.1374,-2.1560454423657873,-1.6591737412218603,-0.993743402287854,58.517999999999994,68.28799186553537,48.74800813446461,26.118382722092964,21.457967905438444,35.439212355402006
2026-05-11,55.61,56.31,54.59,54.8,53.66,53.98,58.17,34.44,72.5594,9.0959,-2.0503753070857513,-1.7374140543946386,-0.6259225053822255,58.169999999999995,67.9495856117137,48.39041438828629,40.84601889746417,27.92065156944702,66.69675355349847
2026-05-12,55.36,55.36,53.6,54.05,54.32,53.18,57.74,26.28,71.5663,8.9715,-2.004048274520642,-1.7907408984198394,-0.42661475220160483,57.74000000000001,67.44618251154202,48.033817488458,48.81154249950548,34.88428187946651,76.6660637395834
2026-05-13,53.84,55.48,53.21,55.13,54.82,53.32,57.39,31.24,72.9963,9.1507,-1.8587601632571449,-1.8043447513873005,-0.10883082373968866,57.391999999999996,66.93927759487906,47.84472240512094,59.738116216519,43.16889332515068,92.87656199925564
2026-05-14,55.2,55.77,54.2,54.8,54.77,53.47,57.06,32.14,72.5594,9.0959,-1.75007278077711,-1.7934903572652625,0.08683515297630517,57.062,66.48136772936739,47.6426322706326,65.30643005178229,50.548072234027885,94.82314568729109
2026-05-15,54.91,55.76,53.55,53.84,54.52,53.73,56.65,26.74,71.2883,8.9366,-1.7215561958622487,-1.7791035249846598,0.11509465824482223,56.6515,65.86901484945889,47.433985150541105,64.02643958730366,55.040861351786475,81.99759605833802
2026-05-18,53.8,54.14,52.53,52.98,54.16,53.91,56.24,27.24,70.1496,8.7938,-1.7481992567310982,-1.7729226713339474,0.04944682920569843,56.237,65.32470621281968,47.149293787180326,52.45074741064402,54.17749003807233,48.997262155787396
2026-05-19,52.85,54.18,52.11,54.08,54.17,54.24,55.85,51.5,71.606,8.9764,-1.661401663318017,-1.7506184697307614,0.17843361282548864,55.8525,64.59883366797618,47.10616633202382,50.60208557534996,52.98568855049821,45.834879625053446
2026-05-20,54.2,54.56,52.97,54.1,53.96,54.39,55.36,53.0,71.6325,8.9798,-1.5728690569309194,-1.715068587170793,0.28439906047974706,55.35849999999999,63.245884397350835,47.47111560264915,49.528374510550776,51.8332505371824,44.918622457287526
2026-05-21,54.8,55.37,51.13,51.17,53.23,54.0,54.77,50.0,67.753,8.4934,-1.7193136638136082,-1.715917602499356,-0.006792122628504149,54.765499999999996,61.978939138893494,47.5520608611065,33.27631659776744,45.64760589071075,8.533738011880814
2026-05-22,51.61,53.13,51.02,52.71,53.01,53.77,54.3,55.14,69.7921,8.749,-1.6916071459716875,-1.7110555111938224,0.03889673044426978,54.295500000000004,60.670211469218316,47.92078853078169,34.043860187985295,41.77969065646894,18.572199251018006
2026-05-25,52.75,57.57,52.75,57.0,53.81,53.99,53.98,66.97,75.4723,9.4611,-1.308399963662815,-1.630524401687621,0.6442488760496121,53.98199999999999,58.96264717840797,49.001352821592015,53.12847676654491,45.56261935982759,68.26019157997953
2026-05-26,56.88,57.26,53.84,54.64,53.92,54.05,53.61,55.27,72.3475,9.0694,-1.18151798363548,-1.540723118077193,0.7184102688834257,53.612,56.87571180358129,50.348288196418714,53.841376368536295,48.32220502939717,64.87971904681456
2026-05-27,54.66,56.0,52.12,52.27,53.56,53.76,53.54,42.62,69.2095,8.676,-1.257704261578347,-1.4841193467774239,0.4528301703981539,53.540499999999994,56.85830190392342,50.22269809607657,42.255574067573825,46.299994708789384,34.1667327851427
2026-05-28,52.02,52.88,51.39,52.7,53.86,53.55,53.51,43.9,69.7788,8.7474,-1.2687595589799727,-1.4410473892179336,0.3445756604759218,53.50749999999999,56.845926197129096,50.16907380287089,36.72000103232658,43.10666348330179,23.94667613037616
2026-05-29,52.94,54.07,48.22,48.7,53.06,53.04,53.38,36.75,64.4825,8.0834,-1.5820506374686616,-1.4692480388680793,-0.22560519720116456,53.384,57.23059192970581,49.53740807029419,26.1912306347418,37.468185867115125,3.6373201699951494
2026-06-01,48.7,49.14,46.8,46.8,51.02,52.42,53.16,35.0,61.9668,7.7681,-1.9610444951168517,-1.5676073301178337,-0.7868743299980361,53.1635,57.930329576408184,48.396670423591814,17.460820423161202,30.79906405246382,-9.215666835444033
2026-06-02,46.82,47.18,45.16,46.15,49.32,51.62,52.93,31.09,61.1061,7.6602,-2.2874807711076883,-1.7115820183158048,-1.151797505583767,52.933499999999995,58.55748725385934,47.30951274614065,14.299692798895009,25.29927363460755,-7.699468872530076
2026-06-03,44.0,47.07,43.21,45.12,47.89,50.73,52.56,30.2,59.7423,7.4892,-2.5993327734240594,-1.8891321693374556,-1.4204012081732076,52.556999999999995,59.18031162199836,45.933688378001634,13.966740417462033,21.521762562225714,-1.1433038720653315
2026-06-04,44.91,47.5,44.41,45.94,46.54,50.2,52.1,33.74,60.8281,7.6253,-2.7486261339463027,-2.0610309622592253,-1.3751903433741548,52.1015,59.236207680361105,44.9667923196389,15.64820763206846,19.563910918839966,7.816801058525449
2026-06-05,45.56,48.47,44.2,47.55,46.31,49.69,51.73,39.16,62.9598,7.8926,-2.705837443370328,-2.189992258481446,-1.0316903697777633,51.7265,58.99581916018444,44.457180839815564,20.728698326479797,19.952173388053247,22.281748203332896
2026-06-08,46.5,48.39,46.0,46.4,46.23,48.63,51.31,34.7,61.4371,7.7017,-2.733215677894904,-2.298636942364138,-0.8691574710615324,51.30649999999999,58.79545966353792,43.817540336462066,22.132919030267217,20.679088602124573,25.040579886552507
2026-06-09,46.8,48.1,46.06,47.2,46.44,47.88,50.96,36.67,62.4964,7.8345,-2.659700440808507,-2.370849642053012,-0.5777015975109903,50.964000000000006,58.55057928602547,43.377420713974544,27.002056517415724,22.786744573888292,35.43268040447059
2026-06-10,46.52,49.5,46.52,48.15,47.05,47.47,50.61,43.68,63.7543,7.9921,-2.496009580517942,-2.395881629745998,-0.20025590154388784,50.615,58.03501418639536,43.194985813604646,33.164047500253815,26.245845549343468,47.00045140207451
2026-06-11,47.71,52.82,47.6,50.27,47.91,47.23,50.39,45.02,66.5613,8.344,-2.1702003927630216,-2.350745382349403,0.3610899791727631,50.3885,57.54241177498039,43.234588225019614,46.597745159725235,33.02981208613739,73.73361130690093
2026-06-12,51.33,53.3,51.16,51.75,48.75,47.53,50.28,37.89,68.5209,8.3837,-1.772142477652892,-2.235024801410101,0.9257646475144181,50.284000000000006,57.28505375527163,43.28294624472838,59.27791533938736,41.77917983722072,94.27538634372065
2026-06-15,52.02,54.89,51.51,54.7,50.41,48.32,50.37,50.13,72.427,8.8616,-1.204750749544921,-2.0289699910370653,1.6484384829842886,50.370000000000005,57.55045299846398,43.18954700153603,72.30970611666922,51.95602193037022,113.01707448926722
2026-06-16,54.9,57.18,54.11,57.1,52.39,49.42,50.52,60.83,75.6048,9.2505,-0.5550307261036878,-1.73418213805039,2.3583028238934043,50.521,58.14337122934112,42.89862877065888,81.3343598045386,61.748801221759685,120.50547697009641
2026-06-17,56.33,62.26,56.22,60.76,54.92,50.98,50.85,65.79,80.4509,9.8434,0.25230012674745694,-1.3368856850908206,3.178371623676555,50.854,59.6294163793846,42.0785836206154,84.78769058951522,69.42843101101154,115.50620974652259
2026-06-18,60.6,62.0,59.8,60.5,56.96,52.44,51.32,77.09,80.1066,9.8013,0.8612083433488138,-0.8972668794028937,3.516950445503415,51.3205,61.10104669659132,41.53995330340869,86.25042431264936,75.03576211155749,108.67974871483312
2026-06-22,60.0,62.2,58.75,60.52,58.72,53.73,51.71,84.47,80.1331,9.8045,1.3300542869157042,-0.45180264613917415,3.5637138661097567,51.711,62.314187008481696,41.1078129915183,87.25336929485267,79.10829783932256,103.54351220591289
2026-06-23,60.1,60.11,56.19,57.22,59.22,54.82,51.72,74.55,75.7636,9.2699,1.4189785528223453,-0.07764640634687026,2.993249918338431,51.722,62.348720244642166,41.095279755357836,80.8288027404058,79.68179947301698,83.12280927518344
2026-06-24,56.7,58.96,56.4,57.9,59.38,55.89,51.89,78.78,76.664,9.3801,1.5267228802099098,0.24322745096448575,2.566990858490848,51.885000000000005,62.796372145851144,40.973627854148866,77.30560473735103,78.88973456112834,74.13734508979644
2026-06-25,57.92,62.22,57.19,61.6,59.55,57.23,52.35,81.22,81.5631,9.9795,1.888896095340229,0.5723611798396344,2.633069831001189,52.3515,64.09800008345121,40.604999916548785,82.88842117625205,80.22263009950291,88.22000332975034
2026-06-26,61.6,68.38,61.56,63.66,60.18,58.57,52.9,81.55,84.2907,10.3132,2.315454641720507,0.9209798722158089,2.788949539009396,52.8995,65.69062270287458,40.10837729712543,79.26606066956619,79.90377362285734,77.99063476298389
